baseline,level,model_seed,probe_seed,fit_examples,observer_layer,accuracy,balanced_accuracy,ce,represented_classes,balanced_majority_accuracy
random_features,2,0,12345,64,0,0.1241455078125,0.11804244075790665,9.70993709564209,16,0.0625
random_features,2,0,12345,64,1,0.1678466796875,0.16663049711495717,17.25373077392578,16,0.0625
random_features,2,0,12345,64,2,0.166748046875,0.16866766560873356,14.354366302490234,16,0.0625
random_features,2,0,12345,64,3,0.1724853515625,0.17443428566458763,13.593244552612305,16,0.0625
random_features,2,0,12345,64,4,0.1708984375,0.17371072099067425,13.464374542236328,16,0.0625
random_features,2,0,12345,64,5,0.1702880859375,0.17328245955186056,13.219017028808594,16,0.0625
random_features,2,0,12345,64,6,0.1646728515625,0.16811204412173136,13.045696258544922,16,0.0625
random_features,2,0,12345,64,7,0.1676025390625,0.1700003905809791,12.897327423095703,16,0.0625
random_features,2,0,12345,64,8,0.1619873046875,0.1651436583043066,12.892463684082031,16,0.0625
random_features,2,0,12345,128,0,0.0982666015625,0.10683173767246804,6.808183670043945,16,0.0625
random_features,2,0,12345,128,1,0.2567138671875,0.2523563655212774,17.980579376220703,16,0.0625
random_features,2,0,12345,128,2,0.256103515625,0.25375068626895775,13.519791603088379,16,0.0625
random_features,2,0,12345,128,3,0.2471923828125,0.24557614209496834,13.310179710388184,16,0.0625
random_features,2,0,12345,128,4,0.2391357421875,0.23802767070105305,13.25745964050293,16,0.0625
random_features,2,0,12345,128,5,0.245849609375,0.24654630272366918,13.142135620117188,16,0.0625
random_features,2,0,12345,128,6,0.242431640625,0.24317265640762392,13.023001670837402,16,0.0625
random_features,2,0,12345,128,7,0.245849609375,0.24696401347590988,13.077163696289062,16,0.0625
random_features,2,0,12345,128,8,0.2421875,0.24228581232810747,12.774027824401855,16,0.0625
random_features,2,0,12345,256,0,0.1181640625,0.12313118771303125,4.547638893127441,16,0.0625
random_features,2,0,12345,256,1,0.3583984375,0.3485418899872934,10.519920349121094,16,0.0625
random_features,2,0,12345,256,2,0.3607177734375,0.3531134917892107,10.105310440063477,16,0.0625
random_features,2,0,12345,256,3,0.370849609375,0.3662840859423876,9.939397811889648,16,0.0625
random_features,2,0,12345,256,4,0.366455078125,0.3664187145645047,9.301440238952637,16,0.0625
random_features,2,0,12345,256,5,0.3663330078125,0.3584917062004088,9.62744140625,16,0.0625
random_features,2,0,12345,256,6,0.3663330078125,0.3595919723637112,9.469083786010742,16,0.0625
random_features,2,0,12345,256,7,0.3692626953125,0.3643215359132803,9.288537979125977,16,0.0625
random_features,2,0,12345,256,8,0.37158203125,0.3674085221049922,9.355015754699707,16,0.0625
random_features,2,0,12345,512,0,0.11474609375,0.12872336152102878,3.067190408706665,16,0.0625
random_features,2,0,12345,512,1,0.506103515625,0.49726975105504084,6.148049354553223,16,0.0625
random_features,2,0,12345,512,2,0.5357666015625,0.5291750561672629,5.706867218017578,16,0.0625
random_features,2,0,12345,512,3,0.534912109375,0.5257428500368635,5.656538963317871,16,0.0625
random_features,2,0,12345,512,4,0.5323486328125,0.5260138611707279,5.150632858276367,16,0.0625
random_features,2,0,12345,512,5,0.526611328125,0.5203008469212271,5.237862586975098,16,0.0625
random_features,2,0,12345,512,6,0.5355224609375,0.5290499323039841,5.5160088539123535,16,0.0625
random_features,2,0,12345,512,7,0.5399169921875,0.5297697698478874,5.332300662994385,16,0.0625
random_features,2,0,12345,512,8,0.5418701171875,0.5306990318612386,5.422421455383301,16,0.0625
random_features,2,0,12345,1024,0,0.146728515625,0.1463851478586112,2.468735933303833,16,0.0625
random_features,2,0,12345,1024,1,0.720947265625,0.7162087505372144,2.203862190246582,16,0.0625
random_features,2,0,12345,1024,2,0.75830078125,0.7529988208613704,2.1105117797851562,16,0.0625
random_features,2,0,12345,1024,3,0.7593994140625,0.7490575315321414,2.0806450843811035,16,0.0625
random_features,2,0,12345,1024,4,0.7562255859375,0.7465388315994808,2.035463333129883,16,0.0625
random_features,2,0,12345,1024,5,0.7547607421875,0.7446457635681881,2.0319342613220215,16,0.0625
random_features,2,0,12345,1024,6,0.75830078125,0.7482479268655795,2.1333632469177246,16,0.0625
random_features,2,0,12345,1024,7,0.7618408203125,0.7500119457412502,2.050851821899414,16,0.0625
random_features,2,0,12345,1024,8,0.7607421875,0.7476640163367749,1.9850194454193115,16,0.0625
random_features,2,0,12345,2048,0,0.15185546875,0.1572535775881923,2.336940288543701,16,0.0625
random_features,2,0,12345,2048,1,0.9027099609375,0.8980042450407568,0.6056897640228271,16,0.0625
random_features,2,0,12345,2048,2,0.9222412109375,0.9157442055009608,0.5517763495445251,16,0.0625
random_features,2,0,12345,2048,3,0.919921875,0.9121637227624736,0.5071849822998047,16,0.0625
random_features,2,0,12345,2048,4,0.92431640625,0.9167293285383713,0.5050488114356995,16,0.0625
random_features,2,0,12345,2048,5,0.9202880859375,0.9123715855308387,0.5089815258979797,16,0.0625
random_features,2,0,12345,2048,6,0.927734375,0.9183415080849204,0.5073844194412231,16,0.0625
random_features,2,0,12345,2048,7,0.9266357421875,0.9177624370089404,0.5110962390899658,16,0.0625
random_features,2,0,12345,2048,8,0.9237060546875,0.9152044016221706,0.497911661863327,16,0.0625
random_features,2,0,12345,4096,0,0.1416015625,0.1555635309171055,2.3207855224609375,16,0.0625
random_features,2,0,12345,4096,1,0.974853515625,0.9751014450859152,0.21565623581409454,16,0.0625
random_features,2,0,12345,4096,2,0.98974609375,0.9887838882313186,0.11155670136213303,16,0.0625
random_features,2,0,12345,4096,3,0.990966796875,0.9893649284782005,0.07552482187747955,16,0.0625
random_features,2,0,12345,4096,4,0.9913330078125,0.9893737488002223,0.06748753041028976,16,0.0625
random_features,2,0,12345,4096,5,0.9876708984375,0.9873280165000043,0.082024484872818,16,0.0625
random_features,2,0,12345,4096,6,0.9896240234375,0.9890865916772871,0.06144630163908005,16,0.0625
random_features,2,0,12345,4096,7,0.98828125,0.987448312143014,0.06727287173271179,16,0.0625
random_features,2,0,12345,4096,8,0.991943359375,0.9910252078583139,0.06968612968921661,16,0.0625
random_features,2,0,12345,8192,0,0.1962890625,0.1564898336268804,2.2755465507507324,16,0.0625
random_features,2,0,12345,8192,1,0.9881591796875,0.9828730238356942,0.1545376181602478,16,0.0625
random_features,2,0,12345,8192,2,0.9970703125,0.9955779755190709,0.040240198373794556,16,0.0625
random_features,2,0,12345,8192,3,0.9991455078125,0.9986067356735674,0.026041248813271523,16,0.0625
random_features,2,0,12345,8192,4,0.9991455078125,0.9986067356735674,0.021348901093006134,16,0.0625
random_features,2,0,12345,8192,5,0.9996337890625,0.9994318181818183,0.01643643155694008,16,0.0625
random_features,2,0,12345,8192,6,0.9996337890625,0.9994318181818183,0.014447510242462158,16,0.0625
random_features,2,0,12345,8192,7,0.9991455078125,0.9986067356735674,0.015943892300128937,16,0.0625
random_features,2,0,12345,8192,8,0.99951171875,0.9991749174917491,0.014842767268419266,16,0.0625
random_features,2,0,12346,64,0,0.1241455078125,0.11804244075790665,9.70993709564209,16,0.0625
random_features,2,0,12346,64,1,0.1678466796875,0.16663049711495717,17.25373077392578,16,0.0625
random_features,2,0,12346,64,2,0.166748046875,0.16866766560873356,14.354366302490234,16,0.0625
random_features,2,0,12346,64,3,0.1724853515625,0.17443428566458763,13.593244552612305,16,0.0625
random_features,2,0,12346,64,4,0.1708984375,0.17371072099067425,13.464374542236328,16,0.0625
random_features,2,0,12346,64,5,0.1702880859375,0.17328245955186056,13.219017028808594,16,0.0625
random_features,2,0,12346,64,6,0.1646728515625,0.16811204412173136,13.045696258544922,16,0.0625
random_features,2,0,12346,64,7,0.1676025390625,0.1700003905809791,12.897327423095703,16,0.0625
random_features,2,0,12346,64,8,0.1619873046875,0.1651436583043066,12.892463684082031,16,0.0625
random_features,2,0,12346,128,0,0.0982666015625,0.10683173767246804,6.808183670043945,16,0.0625
random_features,2,0,12346,128,1,0.2567138671875,0.2523563655212774,17.980579376220703,16,0.0625
random_features,2,0,12346,128,2,0.256103515625,0.25375068626895775,13.519791603088379,16,0.0625
random_features,2,0,12346,128,3,0.2471923828125,0.24557614209496834,13.310179710388184,16,0.0625
random_features,2,0,12346,128,4,0.2391357421875,0.23802767070105305,13.25745964050293,16,0.0625
random_features,2,0,12346,128,5,0.245849609375,0.24654630272366918,13.142135620117188,16,0.0625
random_features,2,0,12346,128,6,0.242431640625,0.24317265640762392,13.023001670837402,16,0.0625
random_features,2,0,12346,128,7,0.245849609375,0.24696401347590988,13.077163696289062,16,0.0625
random_features,2,0,12346,128,8,0.2421875,0.24228581232810747,12.774027824401855,16,0.0625
random_features,2,0,12346,256,0,0.1181640625,0.12313118771303125,4.547638893127441,16,0.0625
random_features,2,0,12346,256,1,0.3583984375,0.3485418899872934,10.519920349121094,16,0.0625
random_features,2,0,12346,256,2,0.3607177734375,0.3531134917892107,10.105310440063477,16,0.0625
random_features,2,0,12346,256,3,0.370849609375,0.3662840859423876,9.939397811889648,16,0.0625
random_features,2,0,12346,256,4,0.366455078125,0.3664187145645047,9.301440238952637,16,0.0625
random_features,2,0,12346,256,5,0.3663330078125,0.3584917062004088,9.62744140625,16,0.0625
random_features,2,0,12346,256,6,0.3663330078125,0.3595919723637112,9.469083786010742,16,0.0625
random_features,2,0,12346,256,7,0.3692626953125,0.3643215359132803,9.288537979125977,16,0.0625
random_features,2,0,12346,256,8,0.37158203125,0.3674085221049922,9.355015754699707,16,0.0625
random_features,2,0,12346,512,0,0.11474609375,0.12872336152102878,3.067190408706665,16,0.0625
random_features,2,0,12346,512,1,0.506103515625,0.49726975105504084,6.148049354553223,16,0.0625
random_features,2,0,12346,512,2,0.5357666015625,0.5291750561672629,5.706867218017578,16,0.0625
random_features,2,0,12346,512,3,0.534912109375,0.5257428500368635,5.656538963317871,16,0.0625
random_features,2,0,12346,512,4,0.5323486328125,0.5260138611707279,5.150632858276367,16,0.0625
random_features,2,0,12346,512,5,0.526611328125,0.5203008469212271,5.237862586975098,16,0.0625
random_features,2,0,12346,512,6,0.5355224609375,0.5290499323039841,5.5160088539123535,16,0.0625
random_features,2,0,12346,512,7,0.5399169921875,0.5297697698478874,5.332300662994385,16,0.0625
random_features,2,0,12346,512,8,0.5418701171875,0.5306990318612386,5.422421455383301,16,0.0625
random_features,2,0,12346,1024,0,0.146728515625,0.1463851478586112,2.468735933303833,16,0.0625
random_features,2,0,12346,1024,1,0.720947265625,0.7162087505372144,2.203862190246582,16,0.0625
random_features,2,0,12346,1024,2,0.75830078125,0.7529988208613704,2.1105117797851562,16,0.0625
random_features,2,0,12346,1024,3,0.7593994140625,0.7490575315321414,2.0806450843811035,16,0.0625
random_features,2,0,12346,1024,4,0.7562255859375,0.7465388315994808,2.035463333129883,16,0.0625
random_features,2,0,12346,1024,5,0.7547607421875,0.7446457635681881,2.0319342613220215,16,0.0625
random_features,2,0,12346,1024,6,0.75830078125,0.7482479268655795,2.1333632469177246,16,0.0625
random_features,2,0,12346,1024,7,0.7618408203125,0.7500119457412502,2.050851821899414,16,0.0625
random_features,2,0,12346,1024,8,0.7607421875,0.7476640163367749,1.9850194454193115,16,0.0625
random_features,2,0,12346,2048,0,0.15185546875,0.1572535775881923,2.336940288543701,16,0.0625
random_features,2,0,12346,2048,1,0.9027099609375,0.8980042450407568,0.6056897640228271,16,0.0625
random_features,2,0,12346,2048,2,0.9222412109375,0.9157442055009608,0.5517763495445251,16,0.0625
random_features,2,0,12346,2048,3,0.919921875,0.9121637227624736,0.5071849822998047,16,0.0625
random_features,2,0,12346,2048,4,0.92431640625,0.9167293285383713,0.5050488114356995,16,0.0625
random_features,2,0,12346,2048,5,0.9202880859375,0.9123715855308387,0.5089815258979797,16,0.0625
random_features,2,0,12346,2048,6,0.927734375,0.9183415080849204,0.5073844194412231,16,0.0625
random_features,2,0,12346,2048,7,0.9266357421875,0.9177624370089404,0.5110962390899658,16,0.0625
random_features,2,0,12346,2048,8,0.9237060546875,0.9152044016221706,0.497911661863327,16,0.0625
random_features,2,0,12346,4096,0,0.1416015625,0.1555635309171055,2.3207855224609375,16,0.0625
random_features,2,0,12346,4096,1,0.974853515625,0.9751014450859152,0.21565623581409454,16,0.0625
random_features,2,0,12346,4096,2,0.98974609375,0.9887838882313186,0.11155670136213303,16,0.0625
random_features,2,0,12346,4096,3,0.990966796875,0.9893649284782005,0.07552482187747955,16,0.0625
random_features,2,0,12346,4096,4,0.9913330078125,0.9893737488002223,0.06748753041028976,16,0.0625
random_features,2,0,12346,4096,5,0.9876708984375,0.9873280165000043,0.082024484872818,16,0.0625
random_features,2,0,12346,4096,6,0.9896240234375,0.9890865916772871,0.06144630163908005,16,0.0625
random_features,2,0,12346,4096,7,0.98828125,0.987448312143014,0.06727287173271179,16,0.0625
random_features,2,0,12346,4096,8,0.991943359375,0.9910252078583139,0.06968612968921661,16,0.0625
random_features,2,0,12346,8192,0,0.1962890625,0.1564898336268804,2.2755465507507324,16,0.0625
random_features,2,0,12346,8192,1,0.9881591796875,0.9828730238356942,0.1545376181602478,16,0.0625
random_features,2,0,12346,8192,2,0.9970703125,0.9955779755190709,0.040240198373794556,16,0.0625
random_features,2,0,12346,8192,3,0.9991455078125,0.9986067356735674,0.026041248813271523,16,0.0625
random_features,2,0,12346,8192,4,0.9991455078125,0.9986067356735674,0.021348901093006134,16,0.0625
random_features,2,0,12346,8192,5,0.9996337890625,0.9994318181818183,0.01643643155694008,16,0.0625
random_features,2,0,12346,8192,6,0.9996337890625,0.9994318181818183,0.014447510242462158,16,0.0625
random_features,2,0,12346,8192,7,0.9991455078125,0.9986067356735674,0.015943892300128937,16,0.0625
random_features,2,0,12346,8192,8,0.99951171875,0.9991749174917491,0.014842767268419266,16,0.0625
random_features,2,0,12347,64,0,0.1241455078125,0.11804244075790665,9.70993709564209,16,0.0625
random_features,2,0,12347,64,1,0.1678466796875,0.16663049711495717,17.25373077392578,16,0.0625
random_features,2,0,12347,64,2,0.166748046875,0.16866766560873356,14.354366302490234,16,0.0625
random_features,2,0,12347,64,3,0.1724853515625,0.17443428566458763,13.593244552612305,16,0.0625
random_features,2,0,12347,64,4,0.1708984375,0.17371072099067425,13.464374542236328,16,0.0625
random_features,2,0,12347,64,5,0.1702880859375,0.17328245955186056,13.219017028808594,16,0.0625
random_features,2,0,12347,64,6,0.1646728515625,0.16811204412173136,13.045696258544922,16,0.0625
random_features,2,0,12347,64,7,0.1676025390625,0.1700003905809791,12.897327423095703,16,0.0625
random_features,2,0,12347,64,8,0.1619873046875,0.1651436583043066,12.892463684082031,16,0.0625
random_features,2,0,12347,128,0,0.0982666015625,0.10683173767246804,6.808183670043945,16,0.0625
random_features,2,0,12347,128,1,0.2567138671875,0.2523563655212774,17.980579376220703,16,0.0625
random_features,2,0,12347,128,2,0.256103515625,0.25375068626895775,13.519791603088379,16,0.0625
random_features,2,0,12347,128,3,0.2471923828125,0.24557614209496834,13.310179710388184,16,0.0625
random_features,2,0,12347,128,4,0.2391357421875,0.23802767070105305,13.25745964050293,16,0.0625
random_features,2,0,12347,128,5,0.245849609375,0.24654630272366918,13.142135620117188,16,0.0625
random_features,2,0,12347,128,6,0.242431640625,0.24317265640762392,13.023001670837402,16,0.0625
random_features,2,0,12347,128,7,0.245849609375,0.24696401347590988,13.077163696289062,16,0.0625
random_features,2,0,12347,128,8,0.2421875,0.24228581232810747,12.774027824401855,16,0.0625
random_features,2,0,12347,256,0,0.1181640625,0.12313118771303125,4.547638893127441,16,0.0625
random_features,2,0,12347,256,1,0.3583984375,0.3485418899872934,10.519920349121094,16,0.0625
random_features,2,0,12347,256,2,0.3607177734375,0.3531134917892107,10.105310440063477,16,0.0625
random_features,2,0,12347,256,3,0.370849609375,0.3662840859423876,9.939397811889648,16,0.0625
random_features,2,0,12347,256,4,0.366455078125,0.3664187145645047,9.301440238952637,16,0.0625
random_features,2,0,12347,256,5,0.3663330078125,0.3584917062004088,9.62744140625,16,0.0625
random_features,2,0,12347,256,6,0.3663330078125,0.3595919723637112,9.469083786010742,16,0.0625
random_features,2,0,12347,256,7,0.3692626953125,0.3643215359132803,9.288537979125977,16,0.0625
random_features,2,0,12347,256,8,0.37158203125,0.3674085221049922,9.355015754699707,16,0.0625
random_features,2,0,12347,512,0,0.11474609375,0.12872336152102878,3.067190408706665,16,0.0625
random_features,2,0,12347,512,1,0.506103515625,0.49726975105504084,6.148049354553223,16,0.0625
random_features,2,0,12347,512,2,0.5357666015625,0.5291750561672629,5.706867218017578,16,0.0625
random_features,2,0,12347,512,3,0.534912109375,0.5257428500368635,5.656538963317871,16,0.0625
random_features,2,0,12347,512,4,0.5323486328125,0.5260138611707279,5.150632858276367,16,0.0625
random_features,2,0,12347,512,5,0.526611328125,0.5203008469212271,5.237862586975098,16,0.0625
random_features,2,0,12347,512,6,0.5355224609375,0.5290499323039841,5.5160088539123535,16,0.0625
random_features,2,0,12347,512,7,0.5399169921875,0.5297697698478874,5.332300662994385,16,0.0625
random_features,2,0,12347,512,8,0.5418701171875,0.5306990318612386,5.422421455383301,16,0.0625
random_features,2,0,12347,1024,0,0.146728515625,0.1463851478586112,2.468735933303833,16,0.0625
random_features,2,0,12347,1024,1,0.720947265625,0.7162087505372144,2.203862190246582,16,0.0625
random_features,2,0,12347,1024,2,0.75830078125,0.7529988208613704,2.1105117797851562,16,0.0625
random_features,2,0,12347,1024,3,0.7593994140625,0.7490575315321414,2.0806450843811035,16,0.0625
random_features,2,0,12347,1024,4,0.7562255859375,0.7465388315994808,2.035463333129883,16,0.0625
random_features,2,0,12347,1024,5,0.7547607421875,0.7446457635681881,2.0319342613220215,16,0.0625
random_features,2,0,12347,1024,6,0.75830078125,0.7482479268655795,2.1333632469177246,16,0.0625
random_features,2,0,12347,1024,7,0.7618408203125,0.7500119457412502,2.050851821899414,16,0.0625
random_features,2,0,12347,1024,8,0.7607421875,0.7476640163367749,1.9850194454193115,16,0.0625
random_features,2,0,12347,2048,0,0.15185546875,0.1572535775881923,2.336940288543701,16,0.0625
random_features,2,0,12347,2048,1,0.9027099609375,0.8980042450407568,0.6056897640228271,16,0.0625
random_features,2,0,12347,2048,2,0.9222412109375,0.9157442055009608,0.5517763495445251,16,0.0625
random_features,2,0,12347,2048,3,0.919921875,0.9121637227624736,0.5071849822998047,16,0.0625
random_features,2,0,12347,2048,4,0.92431640625,0.9167293285383713,0.5050488114356995,16,0.0625
random_features,2,0,12347,2048,5,0.9202880859375,0.9123715855308387,0.5089815258979797,16,0.0625
random_features,2,0,12347,2048,6,0.927734375,0.9183415080849204,0.5073844194412231,16,0.0625
random_features,2,0,12347,2048,7,0.9266357421875,0.9177624370089404,0.5110962390899658,16,0.0625
random_features,2,0,12347,2048,8,0.9237060546875,0.9152044016221706,0.497911661863327,16,0.0625
random_features,2,0,12347,4096,0,0.1416015625,0.1555635309171055,2.3207855224609375,16,0.0625
random_features,2,0,12347,4096,1,0.974853515625,0.9751014450859152,0.21565623581409454,16,0.0625
random_features,2,0,12347,4096,2,0.98974609375,0.9887838882313186,0.11155670136213303,16,0.0625
random_features,2,0,12347,4096,3,0.990966796875,0.9893649284782005,0.07552482187747955,16,0.0625
random_features,2,0,12347,4096,4,0.9913330078125,0.9893737488002223,0.06748753041028976,16,0.0625
random_features,2,0,12347,4096,5,0.9876708984375,0.9873280165000043,0.082024484872818,16,0.0625
random_features,2,0,12347,4096,6,0.9896240234375,0.9890865916772871,0.06144630163908005,16,0.0625
random_features,2,0,12347,4096,7,0.98828125,0.987448312143014,0.06727287173271179,16,0.0625
random_features,2,0,12347,4096,8,0.991943359375,0.9910252078583139,0.06968612968921661,16,0.0625
random_features,2,0,12347,8192,0,0.1962890625,0.1564898336268804,2.2755465507507324,16,0.0625
random_features,2,0,12347,8192,1,0.9881591796875,0.9828730238356942,0.1545376181602478,16,0.0625
random_features,2,0,12347,8192,2,0.9970703125,0.9955779755190709,0.040240198373794556,16,0.0625
random_features,2,0,12347,8192,3,0.9991455078125,0.9986067356735674,0.026041248813271523,16,0.0625
random_features,2,0,12347,8192,4,0.9991455078125,0.9986067356735674,0.021348901093006134,16,0.0625
random_features,2,0,12347,8192,5,0.9996337890625,0.9994318181818183,0.01643643155694008,16,0.0625
random_features,2,0,12347,8192,6,0.9996337890625,0.9994318181818183,0.014447510242462158,16,0.0625
random_features,2,0,12347,8192,7,0.9991455078125,0.9986067356735674,0.015943892300128937,16,0.0625
random_features,2,0,12347,8192,8,0.99951171875,0.9991749174917491,0.014842767268419266,16,0.0625
random_features,3,0,12345,64,0,0.0635986328125,0.06708642126829541,11.396008491516113,16,0.0625
random_features,3,0,12345,64,1,0.0789794921875,0.07748883502613235,19.407695770263672,16,0.0625
random_features,3,0,12345,64,2,0.0767822265625,0.07828686518983723,16.321468353271484,16,0.0625
random_features,3,0,12345,64,3,0.0750732421875,0.07721139505753838,15.773957252502441,16,0.0625
random_features,3,0,12345,64,4,0.07861328125,0.080336445923366,15.467397689819336,16,0.0625
random_features,3,0,12345,64,5,0.0814208984375,0.08513854266716206,15.387396812438965,16,0.0625
random_features,3,0,12345,64,6,0.078857421875,0.0833484582805356,14.979050636291504,16,0.0625
random_features,3,0,12345,64,7,0.0787353515625,0.0835326807864395,14.812559127807617,16,0.0625
random_features,3,0,12345,64,8,0.07568359375,0.07951111899192509,14.525867462158203,16,0.0625
random_features,3,0,12345,128,0,0.0712890625,0.07996471015903539,8.84967041015625,16,0.0625
random_features,3,0,12345,128,1,0.084716796875,0.08535404775347019,23.50341796875,16,0.0625
random_features,3,0,12345,128,2,0.0897216796875,0.09087490221165459,17.90890121459961,16,0.0625
random_features,3,0,12345,128,3,0.0916748046875,0.09341644962401913,17.517993927001953,16,0.0625
random_features,3,0,12345,128,4,0.0906982421875,0.0919958116458349,16.97140121459961,16,0.0625
random_features,3,0,12345,128,5,0.0894775390625,0.09300731928382547,17.07843017578125,16,0.0625
random_features,3,0,12345,128,6,0.088623046875,0.09214686231820726,16.726173400878906,16,0.0625
random_features,3,0,12345,128,7,0.09228515625,0.09394120682062637,16.246740341186523,16,0.0625
random_features,3,0,12345,128,8,0.0950927734375,0.0957172050271613,16.13681411743164,16,0.0625
random_features,3,0,12345,256,0,0.08984375,0.0890107233327533,6.023868560791016,16,0.0625
random_features,3,0,12345,256,1,0.1070556640625,0.10157660915522107,17.332571029663086,16,0.0625
random_features,3,0,12345,256,2,0.1026611328125,0.10609292798185525,16.21908950805664,16,0.0625
random_features,3,0,12345,256,3,0.10302734375,0.10573479379951001,15.985885620117188,16,0.0625
random_features,3,0,12345,256,4,0.102294921875,0.105302244501959,15.397478103637695,16,0.0625
random_features,3,0,12345,256,5,0.10400390625,0.10633990962984763,15.281641006469727,16,0.0625
random_features,3,0,12345,256,6,0.1055908203125,0.10802942970664182,15.346479415893555,16,0.0625
random_features,3,0,12345,256,7,0.104248046875,0.10552534141690775,15.080669403076172,16,0.0625
random_features,3,0,12345,256,8,0.10400390625,0.1042750025537369,15.21330738067627,16,0.0625
random_features,3,0,12345,512,0,0.106689453125,0.09794215521850808,4.134407997131348,16,0.0625
random_features,3,0,12345,512,1,0.1265869140625,0.12574307574081134,12.026080131530762,16,0.0625
random_features,3,0,12345,512,2,0.1195068359375,0.12293717763005926,12.87716007232666,16,0.0625
random_features,3,0,12345,512,3,0.1275634765625,0.13155758238738274,12.786869049072266,16,0.0625
random_features,3,0,12345,512,4,0.1278076171875,0.12935881320394488,13.363364219665527,16,0.0625
random_features,3,0,12345,512,5,0.1328125,0.1343022979297172,13.050554275512695,16,0.0625
random_features,3,0,12345,512,6,0.130126953125,0.13318655513660382,12.853947639465332,16,0.0625
random_features,3,0,12345,512,7,0.1356201171875,0.13388072968816425,12.558420181274414,16,0.0625
random_features,3,0,12345,512,8,0.1357421875,0.13688734013492448,12.356413841247559,16,0.0625
random_features,3,0,12345,1024,0,0.1241455078125,0.10413621354628846,3.054408073425293,16,0.0625
random_features,3,0,12345,1024,1,0.14501953125,0.1376138745171548,7.1864166259765625,16,0.0625
random_features,3,0,12345,1024,2,0.1490478515625,0.1468313392442233,10.091386795043945,16,0.0625
random_features,3,0,12345,1024,3,0.1474609375,0.1453445698127749,11.407495498657227,16,0.0625
random_features,3,0,12345,1024,4,0.149658203125,0.14400874065237923,11.606536865234375,16,0.0625
random_features,3,0,12345,1024,5,0.151611328125,0.14407161487682474,11.882308959960938,16,0.0625
random_features,3,0,12345,1024,6,0.150390625,0.14929077250890055,12.103706359863281,16,0.0625
random_features,3,0,12345,1024,7,0.15380859375,0.14762628290333862,11.887495040893555,16,0.0625
random_features,3,0,12345,1024,8,0.15673828125,0.1493481002525554,11.98440933227539,16,0.0625
random_features,3,0,12345,2048,0,0.126708984375,0.10427725008392551,2.765159845352173,16,0.0625
random_features,3,0,12345,2048,1,0.16357421875,0.16141389628235486,3.6017255783081055,16,0.0625
random_features,3,0,12345,2048,2,0.17578125,0.17441479813187397,4.282198905944824,16,0.0625
random_features,3,0,12345,2048,3,0.16796875,0.16451253477148628,5.022690296173096,16,0.0625
random_features,3,0,12345,2048,4,0.1759033203125,0.17393194650474011,5.417105674743652,16,0.0625
random_features,3,0,12345,2048,5,0.1759033203125,0.17576729464681898,5.929704666137695,16,0.0625
random_features,3,0,12345,2048,6,0.177490234375,0.17487364058472477,5.915528297424316,16,0.0625
random_features,3,0,12345,2048,7,0.1727294921875,0.1717560146669997,6.043377876281738,16,0.0625
random_features,3,0,12345,2048,8,0.1710205078125,0.17123702385405098,6.109138488769531,16,0.0625
random_features,3,0,12345,4096,0,0.1348876953125,0.0999916533616428,2.6819827556610107,16,0.0625
random_features,3,0,12345,4096,1,0.2003173828125,0.1953327451608374,2.7111072540283203,16,0.0625
random_features,3,0,12345,4096,2,0.220703125,0.2191041047385458,2.80698299407959,16,0.0625
random_features,3,0,12345,4096,3,0.2171630859375,0.2112029142372031,2.8834803104400635,16,0.0625
random_features,3,0,12345,4096,4,0.2265625,0.22453515166618382,2.886417865753174,16,0.0625
random_features,3,0,12345,4096,5,0.224365234375,0.220221779405772,2.8909707069396973,16,0.0625
random_features,3,0,12345,4096,6,0.2210693359375,0.21912581930657557,2.9141385555267334,16,0.0625
random_features,3,0,12345,4096,7,0.2188720703125,0.21939254552291992,2.921344757080078,16,0.0625
random_features,3,0,12345,4096,8,0.2216796875,0.21896948907038938,2.915614604949951,16,0.0625
random_features,3,0,12345,8192,0,0.15576171875,0.0974666696446638,2.570563316345215,16,0.0625
random_features,3,0,12345,8192,1,0.254638671875,0.20206410510619638,2.3652210235595703,16,0.0625
random_features,3,0,12345,8192,2,0.2784423828125,0.2329478047358216,2.3330233097076416,16,0.0625
random_features,3,0,12345,8192,3,0.27783203125,0.23120840080501542,2.343902826309204,16,0.0625
random_features,3,0,12345,8192,4,0.2806396484375,0.23447586212119126,2.3224434852600098,16,0.0625
random_features,3,0,12345,8192,5,0.27978515625,0.23396953345034402,2.347059488296509,16,0.0625
random_features,3,0,12345,8192,6,0.27978515625,0.23534088430215366,2.3520689010620117,16,0.0625
random_features,3,0,12345,8192,7,0.277587890625,0.23248652835507566,2.3629038333892822,16,0.0625
random_features,3,0,12345,8192,8,0.2779541015625,0.23201871328779244,2.3723671436309814,16,0.0625
random_features,3,0,12346,64,0,0.0635986328125,0.06708642126829541,11.396008491516113,16,0.0625
random_features,3,0,12346,64,1,0.0789794921875,0.07748883502613235,19.407695770263672,16,0.0625
random_features,3,0,12346,64,2,0.0767822265625,0.07828686518983723,16.321468353271484,16,0.0625
random_features,3,0,12346,64,3,0.0750732421875,0.07721139505753838,15.773957252502441,16,0.0625
random_features,3,0,12346,64,4,0.07861328125,0.080336445923366,15.467397689819336,16,0.0625
random_features,3,0,12346,64,5,0.0814208984375,0.08513854266716206,15.387396812438965,16,0.0625
random_features,3,0,12346,64,6,0.078857421875,0.0833484582805356,14.979050636291504,16,0.0625
random_features,3,0,12346,64,7,0.0787353515625,0.0835326807864395,14.812559127807617,16,0.0625
random_features,3,0,12346,64,8,0.07568359375,0.07951111899192509,14.525867462158203,16,0.0625
random_features,3,0,12346,128,0,0.0712890625,0.07996471015903539,8.84967041015625,16,0.0625
random_features,3,0,12346,128,1,0.084716796875,0.08535404775347019,23.50341796875,16,0.0625
random_features,3,0,12346,128,2,0.0897216796875,0.09087490221165459,17.90890121459961,16,0.0625
random_features,3,0,12346,128,3,0.0916748046875,0.09341644962401913,17.517993927001953,16,0.0625
random_features,3,0,12346,128,4,0.0906982421875,0.0919958116458349,16.97140121459961,16,0.0625
random_features,3,0,12346,128,5,0.0894775390625,0.09300731928382547,17.07843017578125,16,0.0625
random_features,3,0,12346,128,6,0.088623046875,0.09214686231820726,16.726173400878906,16,0.0625
random_features,3,0,12346,128,7,0.09228515625,0.09394120682062637,16.246740341186523,16,0.0625
random_features,3,0,12346,128,8,0.0950927734375,0.0957172050271613,16.13681411743164,16,0.0625
random_features,3,0,12346,256,0,0.08984375,0.0890107233327533,6.023868560791016,16,0.0625
random_features,3,0,12346,256,1,0.1070556640625,0.10157660915522107,17.332571029663086,16,0.0625
random_features,3,0,12346,256,2,0.1026611328125,0.10609292798185525,16.21908950805664,16,0.0625
random_features,3,0,12346,256,3,0.10302734375,0.10573479379951001,15.985885620117188,16,0.0625
random_features,3,0,12346,256,4,0.102294921875,0.105302244501959,15.397478103637695,16,0.0625
random_features,3,0,12346,256,5,0.10400390625,0.10633990962984763,15.281641006469727,16,0.0625
random_features,3,0,12346,256,6,0.1055908203125,0.10802942970664182,15.346479415893555,16,0.0625
random_features,3,0,12346,256,7,0.104248046875,0.10552534141690775,15.080669403076172,16,0.0625
random_features,3,0,12346,256,8,0.10400390625,0.1042750025537369,15.21330738067627,16,0.0625
random_features,3,0,12346,512,0,0.106689453125,0.09794215521850808,4.134407997131348,16,0.0625
random_features,3,0,12346,512,1,0.1265869140625,0.12574307574081134,12.026080131530762,16,0.0625
random_features,3,0,12346,512,2,0.1195068359375,0.12293717763005926,12.87716007232666,16,0.0625
random_features,3,0,12346,512,3,0.1275634765625,0.13155758238738274,12.786869049072266,16,0.0625
random_features,3,0,12346,512,4,0.1278076171875,0.12935881320394488,13.363364219665527,16,0.0625
random_features,3,0,12346,512,5,0.1328125,0.1343022979297172,13.050554275512695,16,0.0625
random_features,3,0,12346,512,6,0.130126953125,0.13318655513660382,12.853947639465332,16,0.0625
random_features,3,0,12346,512,7,0.1356201171875,0.13388072968816425,12.558420181274414,16,0.0625
random_features,3,0,12346,512,8,0.1357421875,0.13688734013492448,12.356413841247559,16,0.0625
random_features,3,0,12346,1024,0,0.1241455078125,0.10413621354628846,3.054408073425293,16,0.0625
random_features,3,0,12346,1024,1,0.14501953125,0.1376138745171548,7.1864166259765625,16,0.0625
random_features,3,0,12346,1024,2,0.1490478515625,0.1468313392442233,10.091386795043945,16,0.0625
random_features,3,0,12346,1024,3,0.1474609375,0.1453445698127749,11.407495498657227,16,0.0625
random_features,3,0,12346,1024,4,0.149658203125,0.14400874065237923,11.606536865234375,16,0.0625
random_features,3,0,12346,1024,5,0.151611328125,0.14407161487682474,11.882308959960938,16,0.0625
random_features,3,0,12346,1024,6,0.150390625,0.14929077250890055,12.103706359863281,16,0.0625
random_features,3,0,12346,1024,7,0.15380859375,0.14762628290333862,11.887495040893555,16,0.0625
random_features,3,0,12346,1024,8,0.15673828125,0.1493481002525554,11.98440933227539,16,0.0625
random_features,3,0,12346,2048,0,0.126708984375,0.10427725008392551,2.765159845352173,16,0.0625
random_features,3,0,12346,2048,1,0.16357421875,0.16141389628235486,3.6017255783081055,16,0.0625
random_features,3,0,12346,2048,2,0.17578125,0.17441479813187397,4.282198905944824,16,0.0625
random_features,3,0,12346,2048,3,0.16796875,0.16451253477148628,5.022690296173096,16,0.0625
random_features,3,0,12346,2048,4,0.1759033203125,0.17393194650474011,5.417105674743652,16,0.0625
random_features,3,0,12346,2048,5,0.1759033203125,0.17576729464681898,5.929704666137695,16,0.0625
random_features,3,0,12346,2048,6,0.177490234375,0.17487364058472477,5.915528297424316,16,0.0625
random_features,3,0,12346,2048,7,0.1727294921875,0.1717560146669997,6.043377876281738,16,0.0625
random_features,3,0,12346,2048,8,0.1710205078125,0.17123702385405098,6.109138488769531,16,0.0625
random_features,3,0,12346,4096,0,0.1348876953125,0.0999916533616428,2.6819827556610107,16,0.0625
random_features,3,0,12346,4096,1,0.2003173828125,0.1953327451608374,2.7111072540283203,16,0.0625
random_features,3,0,12346,4096,2,0.220703125,0.2191041047385458,2.80698299407959,16,0.0625
random_features,3,0,12346,4096,3,0.2171630859375,0.2112029142372031,2.8834803104400635,16,0.0625
random_features,3,0,12346,4096,4,0.2265625,0.22453515166618382,2.886417865753174,16,0.0625
random_features,3,0,12346,4096,5,0.224365234375,0.220221779405772,2.8909707069396973,16,0.0625
random_features,3,0,12346,4096,6,0.2210693359375,0.21912581930657557,2.9141385555267334,16,0.0625
random_features,3,0,12346,4096,7,0.2188720703125,0.21939254552291992,2.921344757080078,16,0.0625
random_features,3,0,12346,4096,8,0.2216796875,0.21896948907038938,2.915614604949951,16,0.0625
random_features,3,0,12346,8192,0,0.15576171875,0.0974666696446638,2.570563316345215,16,0.0625
random_features,3,0,12346,8192,1,0.254638671875,0.20206410510619638,2.3652210235595703,16,0.0625
random_features,3,0,12346,8192,2,0.2784423828125,0.2329478047358216,2.3330233097076416,16,0.0625
random_features,3,0,12346,8192,3,0.27783203125,0.23120840080501542,2.343902826309204,16,0.0625
random_features,3,0,12346,8192,4,0.2806396484375,0.23447586212119126,2.3224434852600098,16,0.0625
random_features,3,0,12346,8192,5,0.27978515625,0.23396953345034402,2.347059488296509,16,0.0625
random_features,3,0,12346,8192,6,0.27978515625,0.23534088430215366,2.3520689010620117,16,0.0625
random_features,3,0,12346,8192,7,0.277587890625,0.23248652835507566,2.3629038333892822,16,0.0625
random_features,3,0,12346,8192,8,0.2779541015625,0.23201871328779244,2.3723671436309814,16,0.0625
random_features,3,0,12347,64,0,0.0635986328125,0.06708642126829541,11.396008491516113,16,0.0625
random_features,3,0,12347,64,1,0.0789794921875,0.07748883502613235,19.407695770263672,16,0.0625
random_features,3,0,12347,64,2,0.0767822265625,0.07828686518983723,16.321468353271484,16,0.0625
random_features,3,0,12347,64,3,0.0750732421875,0.07721139505753838,15.773957252502441,16,0.0625
random_features,3,0,12347,64,4,0.07861328125,0.080336445923366,15.467397689819336,16,0.0625
random_features,3,0,12347,64,5,0.0814208984375,0.08513854266716206,15.387396812438965,16,0.0625
random_features,3,0,12347,64,6,0.078857421875,0.0833484582805356,14.979050636291504,16,0.0625
random_features,3,0,12347,64,7,0.0787353515625,0.0835326807864395,14.812559127807617,16,0.0625
random_features,3,0,12347,64,8,0.07568359375,0.07951111899192509,14.525867462158203,16,0.0625
random_features,3,0,12347,128,0,0.0712890625,0.07996471015903539,8.84967041015625,16,0.0625
random_features,3,0,12347,128,1,0.084716796875,0.08535404775347019,23.50341796875,16,0.0625
random_features,3,0,12347,128,2,0.0897216796875,0.09087490221165459,17.90890121459961,16,0.0625
random_features,3,0,12347,128,3,0.0916748046875,0.09341644962401913,17.517993927001953,16,0.0625
random_features,3,0,12347,128,4,0.0906982421875,0.0919958116458349,16.97140121459961,16,0.0625
random_features,3,0,12347,128,5,0.0894775390625,0.09300731928382547,17.07843017578125,16,0.0625
random_features,3,0,12347,128,6,0.088623046875,0.09214686231820726,16.726173400878906,16,0.0625
random_features,3,0,12347,128,7,0.09228515625,0.09394120682062637,16.246740341186523,16,0.0625
random_features,3,0,12347,128,8,0.0950927734375,0.0957172050271613,16.13681411743164,16,0.0625
random_features,3,0,12347,256,0,0.08984375,0.0890107233327533,6.023868560791016,16,0.0625
random_features,3,0,12347,256,1,0.1070556640625,0.10157660915522107,17.332571029663086,16,0.0625
random_features,3,0,12347,256,2,0.1026611328125,0.10609292798185525,16.21908950805664,16,0.0625
random_features,3,0,12347,256,3,0.10302734375,0.10573479379951001,15.985885620117188,16,0.0625
random_features,3,0,12347,256,4,0.102294921875,0.105302244501959,15.397478103637695,16,0.0625
random_features,3,0,12347,256,5,0.10400390625,0.10633990962984763,15.281641006469727,16,0.0625
random_features,3,0,12347,256,6,0.1055908203125,0.10802942970664182,15.346479415893555,16,0.0625
random_features,3,0,12347,256,7,0.104248046875,0.10552534141690775,15.080669403076172,16,0.0625
random_features,3,0,12347,256,8,0.10400390625,0.1042750025537369,15.21330738067627,16,0.0625
random_features,3,0,12347,512,0,0.106689453125,0.09794215521850808,4.134407997131348,16,0.0625
random_features,3,0,12347,512,1,0.1265869140625,0.12574307574081134,12.026080131530762,16,0.0625
random_features,3,0,12347,512,2,0.1195068359375,0.12293717763005926,12.87716007232666,16,0.0625
random_features,3,0,12347,512,3,0.1275634765625,0.13155758238738274,12.786869049072266,16,0.0625
random_features,3,0,12347,512,4,0.1278076171875,0.12935881320394488,13.363364219665527,16,0.0625
random_features,3,0,12347,512,5,0.1328125,0.1343022979297172,13.050554275512695,16,0.0625
random_features,3,0,12347,512,6,0.130126953125,0.13318655513660382,12.853947639465332,16,0.0625
random_features,3,0,12347,512,7,0.1356201171875,0.13388072968816425,12.558420181274414,16,0.0625
random_features,3,0,12347,512,8,0.1357421875,0.13688734013492448,12.356413841247559,16,0.0625
random_features,3,0,12347,1024,0,0.1241455078125,0.10413621354628846,3.054408073425293,16,0.0625
random_features,3,0,12347,1024,1,0.14501953125,0.1376138745171548,7.1864166259765625,16,0.0625
random_features,3,0,12347,1024,2,0.1490478515625,0.1468313392442233,10.091386795043945,16,0.0625
random_features,3,0,12347,1024,3,0.1474609375,0.1453445698127749,11.407495498657227,16,0.0625
random_features,3,0,12347,1024,4,0.149658203125,0.14400874065237923,11.606536865234375,16,0.0625
random_features,3,0,12347,1024,5,0.151611328125,0.14407161487682474,11.882308959960938,16,0.0625
random_features,3,0,12347,1024,6,0.150390625,0.14929077250890055,12.103706359863281,16,0.0625
random_features,3,0,12347,1024,7,0.15380859375,0.14762628290333862,11.887495040893555,16,0.0625
random_features,3,0,12347,1024,8,0.15673828125,0.1493481002525554,11.98440933227539,16,0.0625
random_features,3,0,12347,2048,0,0.126708984375,0.10427725008392551,2.765159845352173,16,0.0625
random_features,3,0,12347,2048,1,0.16357421875,0.16141389628235486,3.6017255783081055,16,0.0625
random_features,3,0,12347,2048,2,0.17578125,0.17441479813187397,4.282198905944824,16,0.0625
random_features,3,0,12347,2048,3,0.16796875,0.16451253477148628,5.022690296173096,16,0.0625
random_features,3,0,12347,2048,4,0.1759033203125,0.17393194650474011,5.417105674743652,16,0.0625
random_features,3,0,12347,2048,5,0.1759033203125,0.17576729464681898,5.929704666137695,16,0.0625
random_features,3,0,12347,2048,6,0.177490234375,0.17487364058472477,5.915528297424316,16,0.0625
random_features,3,0,12347,2048,7,0.1727294921875,0.1717560146669997,6.043377876281738,16,0.0625
random_features,3,0,12347,2048,8,0.1710205078125,0.17123702385405098,6.109138488769531,16,0.0625
random_features,3,0,12347,4096,0,0.1348876953125,0.0999916533616428,2.6819827556610107,16,0.0625
random_features,3,0,12347,4096,1,0.2003173828125,0.1953327451608374,2.7111072540283203,16,0.0625
random_features,3,0,12347,4096,2,0.220703125,0.2191041047385458,2.80698299407959,16,0.0625
random_features,3,0,12347,4096,3,0.2171630859375,0.2112029142372031,2.8834803104400635,16,0.0625
random_features,3,0,12347,4096,4,0.2265625,0.22453515166618382,2.886417865753174,16,0.0625
random_features,3,0,12347,4096,5,0.224365234375,0.220221779405772,2.8909707069396973,16,0.0625
random_features,3,0,12347,4096,6,0.2210693359375,0.21912581930657557,2.9141385555267334,16,0.0625
random_features,3,0,12347,4096,7,0.2188720703125,0.21939254552291992,2.921344757080078,16,0.0625
random_features,3,0,12347,4096,8,0.2216796875,0.21896948907038938,2.915614604949951,16,0.0625
random_features,3,0,12347,8192,0,0.15576171875,0.0974666696446638,2.570563316345215,16,0.0625
random_features,3,0,12347,8192,1,0.254638671875,0.20206410510619638,2.3652210235595703,16,0.0625
random_features,3,0,12347,8192,2,0.2784423828125,0.2329478047358216,2.3330233097076416,16,0.0625
random_features,3,0,12347,8192,3,0.27783203125,0.23120840080501542,2.343902826309204,16,0.0625
random_features,3,0,12347,8192,4,0.2806396484375,0.23447586212119126,2.3224434852600098,16,0.0625
random_features,3,0,12347,8192,5,0.27978515625,0.23396953345034402,2.347059488296509,16,0.0625
random_features,3,0,12347,8192,6,0.27978515625,0.23534088430215366,2.3520689010620117,16,0.0625
random_features,3,0,12347,8192,7,0.277587890625,0.23248652835507566,2.3629038333892822,16,0.0625
random_features,3,0,12347,8192,8,0.2779541015625,0.23201871328779244,2.3723671436309814,16,0.0625
random_features,2,1,12345,1024,0,0.1390380859375,0.13926506018027895,2.4683480262756348,16,0.0625
random_features,2,1,12345,1024,1,0.7327880859375,0.7237314493349236,2.365300178527832,16,0.0625
random_features,2,1,12345,1024,2,0.752685546875,0.7446265987201663,2.481431245803833,16,0.0625
random_features,2,1,12345,1024,3,0.74560546875,0.7377528532157549,2.5850305557250977,16,0.0625
random_features,2,1,12345,1024,4,0.7471923828125,0.7384515774076579,2.7918360233306885,16,0.0625
random_features,2,1,12345,1024,5,0.7510986328125,0.7427407001703241,2.597795248031616,16,0.0625
random_features,2,1,12345,1024,6,0.756103515625,0.7491793120384866,2.58492374420166,16,0.0625
random_features,2,1,12345,1024,7,0.7481689453125,0.7395638709419503,2.641155958175659,16,0.0625
random_features,2,1,12345,1024,8,0.7493896484375,0.7403922328033776,2.589190721511841,16,0.0625
random_features,2,1,12345,8192,0,0.1962890625,0.1564898336268804,2.275179147720337,16,0.0625
random_features,2,1,12345,8192,1,0.986572265625,0.9798042059183032,0.14095427095890045,16,0.0625
random_features,2,1,12345,8192,2,1.0,1.0,0.032770976424217224,16,0.0625
random_features,2,1,12345,8192,3,0.99951171875,0.9991749174917491,0.02647974342107773,16,0.0625
random_features,2,1,12345,8192,4,0.99951171875,0.9991749174917491,0.02762352116405964,16,0.0625
random_features,2,1,12345,8192,5,0.99951171875,0.9991749174917491,0.020816562697291374,16,0.0625
random_features,2,1,12345,8192,6,0.99951171875,0.9991749174917491,0.022273948416113853,16,0.0625
random_features,2,1,12345,8192,7,0.9991455078125,0.9986067356735674,0.02520044520497322,16,0.0625
random_features,2,1,12345,8192,8,0.9991455078125,0.9986067356735674,0.023920264095067978,16,0.0625
random_features,2,1,12346,1024,0,0.1390380859375,0.13926506018027895,2.4683480262756348,16,0.0625
random_features,2,1,12346,1024,1,0.7327880859375,0.7237314493349236,2.365300178527832,16,0.0625
random_features,2,1,12346,1024,2,0.752685546875,0.7446265987201663,2.481431245803833,16,0.0625
random_features,2,1,12346,1024,3,0.74560546875,0.7377528532157549,2.5850305557250977,16,0.0625
random_features,2,1,12346,1024,4,0.7471923828125,0.7384515774076579,2.7918360233306885,16,0.0625
random_features,2,1,12346,1024,5,0.7510986328125,0.7427407001703241,2.597795248031616,16,0.0625
random_features,2,1,12346,1024,6,0.756103515625,0.7491793120384866,2.58492374420166,16,0.0625
random_features,2,1,12346,1024,7,0.7481689453125,0.7395638709419503,2.641155958175659,16,0.0625
random_features,2,1,12346,1024,8,0.7493896484375,0.7403922328033776,2.589190721511841,16,0.0625
random_features,2,1,12346,8192,0,0.1962890625,0.1564898336268804,2.275179147720337,16,0.0625
random_features,2,1,12346,8192,1,0.986572265625,0.9798042059183032,0.14095427095890045,16,0.0625
random_features,2,1,12346,8192,2,1.0,1.0,0.032770976424217224,16,0.0625
random_features,2,1,12346,8192,3,0.99951171875,0.9991749174917491,0.02647974342107773,16,0.0625
random_features,2,1,12346,8192,4,0.99951171875,0.9991749174917491,0.02762352116405964,16,0.0625
random_features,2,1,12346,8192,5,0.99951171875,0.9991749174917491,0.020816562697291374,16,0.0625
random_features,2,1,12346,8192,6,0.99951171875,0.9991749174917491,0.022273948416113853,16,0.0625
random_features,2,1,12346,8192,7,0.9991455078125,0.9986067356735674,0.02520044520497322,16,0.0625
random_features,2,1,12346,8192,8,0.9991455078125,0.9986067356735674,0.023920264095067978,16,0.0625
random_features,3,1,12345,1024,0,0.1236572265625,0.10268725850893037,3.060037136077881,16,0.0625
random_features,3,1,12345,1024,1,0.1356201171875,0.1364647066132199,7.7084150314331055,16,0.0625
random_features,3,1,12345,1024,2,0.152099609375,0.14685738073929971,9.897960662841797,16,0.0625
random_features,3,1,12345,1024,3,0.1468505859375,0.14416517025255332,10.397346496582031,16,0.0625
random_features,3,1,12345,1024,4,0.1439208984375,0.13815596180734002,10.64848518371582,16,0.0625
random_features,3,1,12345,1024,5,0.1478271484375,0.1461951563927743,11.51714038848877,16,0.0625
random_features,3,1,12345,1024,6,0.1468505859375,0.1443861072034665,11.749228477478027,16,0.0625
random_features,3,1,12345,1024,7,0.1522216796875,0.1504923257564208,11.770259857177734,16,0.0625
random_features,3,1,12345,1024,8,0.1507568359375,0.14715272311092503,11.798404693603516,16,0.0625
random_features,3,1,12345,8192,0,0.1551513671875,0.1000699940616447,2.5709784030914307,16,0.0625
random_features,3,1,12345,8192,1,0.2593994140625,0.2049690664462601,2.378763198852539,16,0.0625
random_features,3,1,12345,8192,2,0.2818603515625,0.232781590281615,2.3250913619995117,16,0.0625
random_features,3,1,12345,8192,3,0.2872314453125,0.23693289764178624,2.3600621223449707,16,0.0625
random_features,3,1,12345,8192,4,0.28564453125,0.23347090782926044,2.3431711196899414,16,0.0625
random_features,3,1,12345,8192,5,0.2833251953125,0.23431638830185486,2.344069719314575,16,0.0625
random_features,3,1,12345,8192,6,0.287109375,0.23856411769207053,2.3437366485595703,16,0.0625
random_features,3,1,12345,8192,7,0.2919921875,0.2440099224102973,2.3297207355499268,16,0.0625
random_features,3,1,12345,8192,8,0.292724609375,0.24341655196201956,2.34499192237854,16,0.0625
random_features,3,1,12346,1024,0,0.1236572265625,0.10268725850893037,3.060037136077881,16,0.0625
random_features,3,1,12346,1024,1,0.1356201171875,0.1364647066132199,7.7084150314331055,16,0.0625
random_features,3,1,12346,1024,2,0.152099609375,0.14685738073929971,9.897960662841797,16,0.0625
random_features,3,1,12346,1024,3,0.1468505859375,0.14416517025255332,10.397346496582031,16,0.0625
random_features,3,1,12346,1024,4,0.1439208984375,0.13815596180734002,10.64848518371582,16,0.0625
random_features,3,1,12346,1024,5,0.1478271484375,0.1461951563927743,11.51714038848877,16,0.0625
random_features,3,1,12346,1024,6,0.1468505859375,0.1443861072034665,11.749228477478027,16,0.0625
random_features,3,1,12346,1024,7,0.1522216796875,0.1504923257564208,11.770259857177734,16,0.0625
random_features,3,1,12346,1024,8,0.1507568359375,0.14715272311092503,11.798404693603516,16,0.0625
random_features,3,1,12346,8192,0,0.1551513671875,0.1000699940616447,2.5709784030914307,16,0.0625
random_features,3,1,12346,8192,1,0.2593994140625,0.2049690664462601,2.378763198852539,16,0.0625
random_features,3,1,12346,8192,2,0.2818603515625,0.232781590281615,2.3250913619995117,16,0.0625
random_features,3,1,12346,8192,3,0.2872314453125,0.23693289764178624,2.3600621223449707,16,0.0625
random_features,3,1,12346,8192,4,0.28564453125,0.23347090782926044,2.3431711196899414,16,0.0625
random_features,3,1,12346,8192,5,0.2833251953125,0.23431638830185486,2.344069719314575,16,0.0625
random_features,3,1,12346,8192,6,0.287109375,0.23856411769207053,2.3437366485595703,16,0.0625
random_features,3,1,12346,8192,7,0.2919921875,0.2440099224102973,2.3297207355499268,16,0.0625
random_features,3,1,12346,8192,8,0.292724609375,0.24341655196201956,2.34499192237854,16,0.0625
random_features,2,2,12345,1024,0,0.1331787109375,0.14363429850509019,2.4650979042053223,16,0.0625
random_features,2,2,12345,1024,1,0.7314453125,0.7239409020111778,2.334655284881592,16,0.0625
random_features,2,2,12345,1024,2,0.743408203125,0.735517776705947,2.076348304748535,16,0.0625
random_features,2,2,12345,1024,3,0.7525634765625,0.7449084003997382,2.1099331378936768,16,0.0625
random_features,2,2,12345,1024,4,0.749267578125,0.7382878368176448,2.1178641319274902,16,0.0625
random_features,2,2,12345,1024,5,0.7349853515625,0.7244507273872351,2.3075475692749023,16,0.0625
random_features,2,2,12345,1024,6,0.7325439453125,0.7202991800214609,2.389141798019409,16,0.0625
random_features,2,2,12345,1024,7,0.740234375,0.7281664138462104,2.4035966396331787,16,0.0625
random_features,2,2,12345,1024,8,0.73779296875,0.7300439665574892,2.4948205947875977,16,0.0625
random_features,2,2,12345,8192,0,0.2008056640625,0.155619881301332,2.275301933288574,16,0.0625
random_features,2,2,12345,8192,1,0.9854736328125,0.9777957304285259,0.15640339255332947,16,0.0625
random_features,2,2,12345,8192,2,0.99951171875,0.9991749174917491,0.03185715526342392,16,0.0625
random_features,2,2,12345,8192,3,0.9991455078125,0.9986067356735674,0.025994081050157547,16,0.0625
random_features,2,2,12345,8192,4,0.9996337890625,0.9994318181818183,0.01801985502243042,16,0.0625
random_features,2,2,12345,8192,5,0.9991455078125,0.9986067356735674,0.017924834042787552,16,0.0625
random_features,2,2,12345,8192,6,0.9991455078125,0.9986067356735674,0.01968948356807232,16,0.0625
random_features,2,2,12345,8192,7,0.9991455078125,0.9986067356735674,0.01534225232899189,16,0.0625
random_features,2,2,12345,8192,8,0.9991455078125,0.9986067356735674,0.019965393468737602,16,0.0625
random_features,2,2,12346,1024,0,0.1331787109375,0.14363429850509019,2.4650979042053223,16,0.0625
random_features,2,2,12346,1024,1,0.7314453125,0.7239409020111778,2.334655284881592,16,0.0625
random_features,2,2,12346,1024,2,0.743408203125,0.735517776705947,2.076348304748535,16,0.0625
random_features,2,2,12346,1024,3,0.7525634765625,0.7449084003997382,2.1099331378936768,16,0.0625
random_features,2,2,12346,1024,4,0.749267578125,0.7382878368176448,2.1178641319274902,16,0.0625
random_features,2,2,12346,1024,5,0.7349853515625,0.7244507273872351,2.3075475692749023,16,0.0625
random_features,2,2,12346,1024,6,0.7325439453125,0.7202991800214609,2.389141798019409,16,0.0625
random_features,2,2,12346,1024,7,0.740234375,0.7281664138462104,2.4035966396331787,16,0.0625
random_features,2,2,12346,1024,8,0.73779296875,0.7300439665574892,2.4948205947875977,16,0.0625
random_features,2,2,12346,8192,0,0.2008056640625,0.155619881301332,2.275301933288574,16,0.0625
random_features,2,2,12346,8192,1,0.9854736328125,0.9777957304285259,0.15640339255332947,16,0.0625
random_features,2,2,12346,8192,2,0.99951171875,0.9991749174917491,0.03185715526342392,16,0.0625
random_features,2,2,12346,8192,3,0.9991455078125,0.9986067356735674,0.025994081050157547,16,0.0625
random_features,2,2,12346,8192,4,0.9996337890625,0.9994318181818183,0.01801985502243042,16,0.0625
random_features,2,2,12346,8192,5,0.9991455078125,0.9986067356735674,0.017924834042787552,16,0.0625
random_features,2,2,12346,8192,6,0.9991455078125,0.9986067356735674,0.01968948356807232,16,0.0625
random_features,2,2,12346,8192,7,0.9991455078125,0.9986067356735674,0.01534225232899189,16,0.0625
random_features,2,2,12346,8192,8,0.9991455078125,0.9986067356735674,0.019965393468737602,16,0.0625
random_features,3,2,12345,1024,0,0.122802734375,0.10196736612184717,3.0585927963256836,16,0.0625
random_features,3,2,12345,1024,1,0.142578125,0.14189721652679685,7.342715263366699,16,0.0625
random_features,3,2,12345,1024,2,0.15283203125,0.15045209168111273,9.589937210083008,16,0.0625
random_features,3,2,12345,1024,3,0.1458740234375,0.14236124313416368,10.809505462646484,16,0.0625
random_features,3,2,12345,1024,4,0.15478515625,0.1532183260779552,10.838871002197266,16,0.0625
random_features,3,2,12345,1024,5,0.14404296875,0.14262614701261817,11.504558563232422,16,0.0625
random_features,3,2,12345,1024,6,0.1435546875,0.14267389713685463,11.778532028198242,16,0.0625
random_features,3,2,12345,1024,7,0.1485595703125,0.14243883333286012,11.783929824829102,16,0.0625
random_features,3,2,12345,1024,8,0.1492919921875,0.14488802801740772,12.01998519897461,16,0.0625
random_features,3,2,12345,8192,0,0.15576171875,0.0974666696446638,2.5709710121154785,16,0.0625
random_features,3,2,12345,8192,1,0.25,0.20026288219931576,2.3884646892547607,16,0.0625
random_features,3,2,12345,8192,2,0.2750244140625,0.22248351772926067,2.3398499488830566,16,0.0625
random_features,3,2,12345,8192,3,0.28125,0.23226609655790534,2.3376922607421875,16,0.0625
random_features,3,2,12345,8192,4,0.28759765625,0.23549871785283405,2.3449535369873047,16,0.0625
random_features,3,2,12345,8192,5,0.291015625,0.24393810003540012,2.3210203647613525,16,0.0625
random_features,3,2,12345,8192,6,0.278564453125,0.22940489560674882,2.3308486938476562,16,0.0625
random_features,3,2,12345,8192,7,0.285400390625,0.23627659249962163,2.3224425315856934,16,0.0625
random_features,3,2,12345,8192,8,0.2825927734375,0.23481907561457868,2.3435750007629395,16,0.0625
random_features,3,2,12346,1024,0,0.122802734375,0.10196736612184717,3.0585927963256836,16,0.0625
random_features,3,2,12346,1024,1,0.142578125,0.14189721652679685,7.342715263366699,16,0.0625
random_features,3,2,12346,1024,2,0.15283203125,0.15045209168111273,9.589937210083008,16,0.0625
random_features,3,2,12346,1024,3,0.1458740234375,0.14236124313416368,10.809505462646484,16,0.0625
random_features,3,2,12346,1024,4,0.15478515625,0.1532183260779552,10.838871002197266,16,0.0625
random_features,3,2,12346,1024,5,0.14404296875,0.14262614701261817,11.504558563232422,16,0.0625
random_features,3,2,12346,1024,6,0.1435546875,0.14267389713685463,11.778532028198242,16,0.0625
random_features,3,2,12346,1024,7,0.1485595703125,0.14243883333286012,11.783929824829102,16,0.0625
random_features,3,2,12346,1024,8,0.1492919921875,0.14488802801740772,12.01998519897461,16,0.0625
random_features,3,2,12346,8192,0,0.15576171875,0.0974666696446638,2.5709710121154785,16,0.0625
random_features,3,2,12346,8192,1,0.25,0.20026288219931576,2.3884646892547607,16,0.0625
random_features,3,2,12346,8192,2,0.2750244140625,0.22248351772926067,2.3398499488830566,16,0.0625
random_features,3,2,12346,8192,3,0.28125,0.23226609655790534,2.3376922607421875,16,0.0625
random_features,3,2,12346,8192,4,0.28759765625,0.23549871785283405,2.3449535369873047,16,0.0625
random_features,3,2,12346,8192,5,0.291015625,0.24393810003540012,2.3210203647613525,16,0.0625
random_features,3,2,12346,8192,6,0.278564453125,0.22940489560674882,2.3308486938476562,16,0.0625
random_features,3,2,12346,8192,7,0.285400390625,0.23627659249962163,2.3224425315856934,16,0.0625
random_features,3,2,12346,8192,8,0.2825927734375,0.23481907561457868,2.3435750007629395,16,0.0625
random_features,2,3,12345,1024,0,0.157958984375,0.15224877198111722,2.466186761856079,16,0.0625
random_features,2,3,12345,1024,1,0.7208251953125,0.7125783789965264,2.726060152053833,16,0.0625
random_features,2,3,12345,1024,2,0.7532958984375,0.7434301712513264,2.2942023277282715,16,0.0625
random_features,2,3,12345,1024,3,0.755126953125,0.7473277560174696,2.3264379501342773,16,0.0625
random_features,2,3,12345,1024,4,0.7427978515625,0.7353334646376501,2.5270919799804688,16,0.0625
random_features,2,3,12345,1024,5,0.7529296875,0.7439772266950604,2.3797597885131836,16,0.0625
random_features,2,3,12345,1024,6,0.755615234375,0.7493140305535919,2.317760944366455,16,0.0625
random_features,2,3,12345,1024,7,0.7496337890625,0.7427916916771276,2.4340693950653076,16,0.0625
random_features,2,3,12345,1024,8,0.746826171875,0.7386847468901713,2.519056797027588,16,0.0625
random_features,2,3,12345,8192,0,0.19482421875,0.15622158903532485,2.275585174560547,16,0.0625
random_features,2,3,12345,8192,1,0.982666015625,0.9742364592821997,0.17437660694122314,16,0.0625
random_features,2,3,12345,8192,2,0.99951171875,0.9991749174917491,0.045903757214546204,16,0.0625
random_features,2,3,12345,8192,3,0.9991455078125,0.9986067356735674,0.0249936543405056,16,0.0625
random_features,2,3,12345,8192,4,1.0,1.0,0.01801031455397606,16,0.0625
random_features,2,3,12345,8192,5,0.99951171875,0.9991749174917491,0.01601872779428959,16,0.0625
random_features,2,3,12345,8192,6,1.0,1.0,0.013359644450247288,16,0.0625
random_features,2,3,12345,8192,7,0.99951171875,0.9991749174917491,0.013366319239139557,16,0.0625
random_features,2,3,12345,8192,8,1.0,1.0,0.012526346370577812,16,0.0625
random_features,2,3,12346,1024,0,0.157958984375,0.15224877198111722,2.466186761856079,16,0.0625
random_features,2,3,12346,1024,1,0.7208251953125,0.7125783789965264,2.726060152053833,16,0.0625
random_features,2,3,12346,1024,2,0.7532958984375,0.7434301712513264,2.2942023277282715,16,0.0625
random_features,2,3,12346,1024,3,0.755126953125,0.7473277560174696,2.3264379501342773,16,0.0625
random_features,2,3,12346,1024,4,0.7427978515625,0.7353334646376501,2.5270919799804688,16,0.0625
random_features,2,3,12346,1024,5,0.7529296875,0.7439772266950604,2.3797597885131836,16,0.0625
random_features,2,3,12346,1024,6,0.755615234375,0.7493140305535919,2.317760944366455,16,0.0625
random_features,2,3,12346,1024,7,0.7496337890625,0.7427916916771276,2.4340693950653076,16,0.0625
random_features,2,3,12346,1024,8,0.746826171875,0.7386847468901713,2.519056797027588,16,0.0625
random_features,2,3,12346,8192,0,0.19482421875,0.15622158903532485,2.275585174560547,16,0.0625
random_features,2,3,12346,8192,1,0.982666015625,0.9742364592821997,0.17437660694122314,16,0.0625
random_features,2,3,12346,8192,2,0.99951171875,0.9991749174917491,0.045903757214546204,16,0.0625
random_features,2,3,12346,8192,3,0.9991455078125,0.9986067356735674,0.0249936543405056,16,0.0625
random_features,2,3,12346,8192,4,1.0,1.0,0.01801031455397606,16,0.0625
random_features,2,3,12346,8192,5,0.99951171875,0.9991749174917491,0.01601872779428959,16,0.0625
random_features,2,3,12346,8192,6,1.0,1.0,0.013359644450247288,16,0.0625
random_features,2,3,12346,8192,7,0.99951171875,0.9991749174917491,0.013366319239139557,16,0.0625
random_features,2,3,12346,8192,8,1.0,1.0,0.012526346370577812,16,0.0625
random_features,3,3,12345,1024,0,0.122802734375,0.10196736612184717,3.061012029647827,16,0.0625
random_features,3,3,12345,1024,1,0.1375732421875,0.1357796231324122,7.066535949707031,16,0.0625
random_features,3,3,12345,1024,2,0.155029296875,0.1515024590105767,9.504980087280273,16,0.0625
random_features,3,3,12345,1024,3,0.1558837890625,0.15048053059231786,10.895381927490234,16,0.0625
random_features,3,3,12345,1024,4,0.1636962890625,0.15818692428710174,11.222921371459961,16,0.0625
random_features,3,3,12345,1024,5,0.1572265625,0.1526035460660392,11.485404968261719,16,0.0625
random_features,3,3,12345,1024,6,0.1524658203125,0.1506806369680313,11.748651504516602,16,0.0625
random_features,3,3,12345,1024,7,0.1597900390625,0.154327424462403,11.8333740234375,16,0.0625
random_features,3,3,12345,1024,8,0.1527099609375,0.1503980780727593,12.150628089904785,16,0.0625
random_features,3,3,12345,8192,0,0.15576171875,0.0974666696446638,2.57106876373291,16,0.0625
random_features,3,3,12345,8192,1,0.26611328125,0.21350479573263184,2.3665170669555664,16,0.0625
random_features,3,3,12345,8192,2,0.2886962890625,0.23665635016121178,2.313498020172119,16,0.0625
random_features,3,3,12345,8192,3,0.2841796875,0.23455675163501816,2.347526788711548,16,0.0625
random_features,3,3,12345,8192,4,0.2843017578125,0.2348657275437403,2.3379971981048584,16,0.0625
random_features,3,3,12345,8192,5,0.2802734375,0.23269271645539014,2.3541088104248047,16,0.0625
random_features,3,3,12345,8192,6,0.2801513671875,0.23231730634412806,2.3562731742858887,16,0.0625
random_features,3,3,12345,8192,7,0.282958984375,0.23592982725088113,2.3582475185394287,16,0.0625
random_features,3,3,12345,8192,8,0.2813720703125,0.2371168210372891,2.3599417209625244,16,0.0625
random_features,3,3,12346,1024,0,0.122802734375,0.10196736612184717,3.061012029647827,16,0.0625
random_features,3,3,12346,1024,1,0.1375732421875,0.1357796231324122,7.066535949707031,16,0.0625
random_features,3,3,12346,1024,2,0.155029296875,0.1515024590105767,9.504980087280273,16,0.0625
random_features,3,3,12346,1024,3,0.1558837890625,0.15048053059231786,10.895381927490234,16,0.0625
random_features,3,3,12346,1024,4,0.1636962890625,0.15818692428710174,11.222921371459961,16,0.0625
random_features,3,3,12346,1024,5,0.1572265625,0.1526035460660392,11.485404968261719,16,0.0625
random_features,3,3,12346,1024,6,0.1524658203125,0.1506806369680313,11.748651504516602,16,0.0625
random_features,3,3,12346,1024,7,0.1597900390625,0.154327424462403,11.8333740234375,16,0.0625
random_features,3,3,12346,1024,8,0.1527099609375,0.1503980780727593,12.150628089904785,16,0.0625
random_features,3,3,12346,8192,0,0.15576171875,0.0974666696446638,2.57106876373291,16,0.0625
random_features,3,3,12346,8192,1,0.26611328125,0.21350479573263184,2.3665170669555664,16,0.0625
random_features,3,3,12346,8192,2,0.2886962890625,0.23665635016121178,2.313498020172119,16,0.0625
random_features,3,3,12346,8192,3,0.2841796875,0.23455675163501816,2.347526788711548,16,0.0625
random_features,3,3,12346,8192,4,0.2843017578125,0.2348657275437403,2.3379971981048584,16,0.0625
random_features,3,3,12346,8192,5,0.2802734375,0.23269271645539014,2.3541088104248047,16,0.0625
random_features,3,3,12346,8192,6,0.2801513671875,0.23231730634412806,2.3562731742858887,16,0.0625
random_features,3,3,12346,8192,7,0.282958984375,0.23592982725088113,2.3582475185394287,16,0.0625
random_features,3,3,12346,8192,8,0.2813720703125,0.2371168210372891,2.3599417209625244,16,0.0625
random_features,2,4,12345,1024,0,0.1502685546875,0.14512868430278497,2.4655842781066895,16,0.0625
random_features,2,4,12345,1024,1,0.731201171875,0.7208269876892746,2.2757725715637207,16,0.0625
random_features,2,4,12345,1024,2,0.7457275390625,0.7336219162707627,2.351395606994629,16,0.0625
random_features,2,4,12345,1024,3,0.753662109375,0.7431394313625287,2.276663303375244,16,0.0625
random_features,2,4,12345,1024,4,0.7628173828125,0.7518232746264267,2.2720775604248047,16,0.0625
random_features,2,4,12345,1024,5,0.7677001953125,0.753821244001583,2.202390432357788,16,0.0625
random_features,2,4,12345,1024,6,0.7684326171875,0.751626688022806,2.2432093620300293,16,0.0625
random_features,2,4,12345,1024,7,0.7613525390625,0.7493649046082583,2.1331353187561035,16,0.0625
random_features,2,4,12345,1024,8,0.763427734375,0.750902143058049,2.1274921894073486,16,0.0625
random_features,2,4,12345,8192,0,0.2008056640625,0.155619881301332,2.275697946548462,16,0.0625
random_features,2,4,12345,8192,1,0.9808349609375,0.9706808630939932,0.18036502599716187,16,0.0625
random_features,2,4,12345,8192,2,0.9981689453125,0.9970240774077408,0.04076389968395233,16,0.0625
random_features,2,4,12345,8192,3,0.9986572265625,0.9982594936708861,0.02935161255300045,16,0.0625
random_features,2,4,12345,8192,4,1.0,1.0,0.02121828868985176,16,0.0625
random_features,2,4,12345,8192,5,1.0,1.0,0.01725226826965809,16,0.0625
random_features,2,4,12345,8192,6,1.0,1.0,0.01481289230287075,16,0.0625
random_features,2,4,12345,8192,7,0.99951171875,0.9991749174917491,0.014392374083399773,16,0.0625
random_features,2,4,12345,8192,8,0.99951171875,0.9991749174917491,0.015242991968989372,16,0.0625
random_features,2,4,12346,1024,0,0.1502685546875,0.14512868430278497,2.4655842781066895,16,0.0625
random_features,2,4,12346,1024,1,0.731201171875,0.7208269876892746,2.2757725715637207,16,0.0625
random_features,2,4,12346,1024,2,0.7457275390625,0.7336219162707627,2.351395606994629,16,0.0625
random_features,2,4,12346,1024,3,0.753662109375,0.7431394313625287,2.276663303375244,16,0.0625
random_features,2,4,12346,1024,4,0.7628173828125,0.7518232746264267,2.2720775604248047,16,0.0625
random_features,2,4,12346,1024,5,0.7677001953125,0.753821244001583,2.202390432357788,16,0.0625
random_features,2,4,12346,1024,6,0.7684326171875,0.751626688022806,2.2432093620300293,16,0.0625
random_features,2,4,12346,1024,7,0.7613525390625,0.7493649046082583,2.1331353187561035,16,0.0625
random_features,2,4,12346,1024,8,0.763427734375,0.750902143058049,2.1274921894073486,16,0.0625
random_features,2,4,12346,8192,0,0.2008056640625,0.155619881301332,2.275697946548462,16,0.0625
random_features,2,4,12346,8192,1,0.9808349609375,0.9706808630939932,0.18036502599716187,16,0.0625
random_features,2,4,12346,8192,2,0.9981689453125,0.9970240774077408,0.04076389968395233,16,0.0625
random_features,2,4,12346,8192,3,0.9986572265625,0.9982594936708861,0.02935161255300045,16,0.0625
random_features,2,4,12346,8192,4,1.0,1.0,0.02121828868985176,16,0.0625
random_features,2,4,12346,8192,5,1.0,1.0,0.01725226826965809,16,0.0625
random_features,2,4,12346,8192,6,1.0,1.0,0.01481289230287075,16,0.0625
random_features,2,4,12346,8192,7,0.99951171875,0.9991749174917491,0.014392374083399773,16,0.0625
random_features,2,4,12346,8192,8,0.99951171875,0.9991749174917491,0.015242991968989372,16,0.0625
random_features,3,4,12345,1024,0,0.127197265625,0.10384700199363747,3.05844783782959,16,0.0625
random_features,3,4,12345,1024,1,0.143310546875,0.14152743900760723,7.243289470672607,16,0.0625
random_features,3,4,12345,1024,2,0.1512451171875,0.14882962488194126,9.087332725524902,16,0.0625
random_features,3,4,12345,1024,3,0.1553955078125,0.15092993952695788,10.4395170211792,16,0.0625
random_features,3,4,12345,1024,4,0.159423828125,0.15948058452710204,10.756994247436523,16,0.0625
random_features,3,4,12345,1024,5,0.155029296875,0.15254340091784296,11.092399597167969,16,0.0625
random_features,3,4,12345,1024,6,0.150146484375,0.14950803354233727,11.478495597839355,16,0.0625
random_features,3,4,12345,1024,7,0.151123046875,0.1476413063816343,11.613411903381348,16,0.0625
random_features,3,4,12345,1024,8,0.1502685546875,0.14594420360982344,11.942618370056152,16,0.0625
random_features,3,4,12345,8192,0,0.15576171875,0.0974666696446638,2.570753812789917,16,0.0625
random_features,3,4,12345,8192,1,0.2696533203125,0.21722071330220147,2.350052833557129,16,0.0625
random_features,3,4,12345,8192,2,0.2886962890625,0.235186246987556,2.3049373626708984,16,0.0625
random_features,3,4,12345,8192,3,0.2918701171875,0.2410500703200414,2.29762601852417,16,0.0625
random_features,3,4,12345,8192,4,0.29296875,0.24466381867564868,2.3039660453796387,16,0.0625
random_features,3,4,12345,8192,5,0.291259765625,0.24178858222474325,2.3130176067352295,16,0.0625
random_features,3,4,12345,8192,6,0.2869873046875,0.24026210016276586,2.3344388008117676,16,0.0625
random_features,3,4,12345,8192,7,0.283203125,0.23747372354296292,2.3438024520874023,16,0.0625
random_features,3,4,12345,8192,8,0.283935546875,0.23443381423089366,2.3617942333221436,16,0.0625
random_features,3,4,12346,1024,0,0.127197265625,0.10384700199363747,3.05844783782959,16,0.0625
random_features,3,4,12346,1024,1,0.143310546875,0.14152743900760723,7.243289470672607,16,0.0625
random_features,3,4,12346,1024,2,0.1512451171875,0.14882962488194126,9.087332725524902,16,0.0625
random_features,3,4,12346,1024,3,0.1553955078125,0.15092993952695788,10.4395170211792,16,0.0625
random_features,3,4,12346,1024,4,0.159423828125,0.15948058452710204,10.756994247436523,16,0.0625
random_features,3,4,12346,1024,5,0.155029296875,0.15254340091784296,11.092399597167969,16,0.0625
random_features,3,4,12346,1024,6,0.150146484375,0.14950803354233727,11.478495597839355,16,0.0625
random_features,3,4,12346,1024,7,0.151123046875,0.1476413063816343,11.613411903381348,16,0.0625
random_features,3,4,12346,1024,8,0.1502685546875,0.14594420360982344,11.942618370056152,16,0.0625
random_features,3,4,12346,8192,0,0.15576171875,0.0974666696446638,2.570753812789917,16,0.0625
random_features,3,4,12346,8192,1,0.2696533203125,0.21722071330220147,2.350052833557129,16,0.0625
random_features,3,4,12346,8192,2,0.2886962890625,0.235186246987556,2.3049373626708984,16,0.0625
random_features,3,4,12346,8192,3,0.2918701171875,0.2410500703200414,2.29762601852417,16,0.0625
random_features,3,4,12346,8192,4,0.29296875,0.24466381867564868,2.3039660453796387,16,0.0625
random_features,3,4,12346,8192,5,0.291259765625,0.24178858222474325,2.3130176067352295,16,0.0625
random_features,3,4,12346,8192,6,0.2869873046875,0.24026210016276586,2.3344388008117676,16,0.0625
random_features,3,4,12346,8192,7,0.283203125,0.23747372354296292,2.3438024520874023,16,0.0625
random_features,3,4,12346,8192,8,0.283935546875,0.23443381423089366,2.3617942333221436,16,0.0625
random_features,2,5,12345,1024,0,0.1402587890625,0.13991898114669993,2.4668593406677246,16,0.0625
random_features,2,5,12345,1024,1,0.712890625,0.7053971527268618,2.5675339698791504,16,0.0625
random_features,2,5,12345,1024,2,0.7374267578125,0.7296979029583195,2.625242233276367,16,0.0625
random_features,2,5,12345,1024,3,0.73583984375,0.7241253832618253,2.6812849044799805,16,0.0625
random_features,2,5,12345,1024,4,0.7464599609375,0.7336374650625821,2.636720657348633,16,0.0625
random_features,2,5,12345,1024,5,0.746826171875,0.7320940303277128,2.8158345222473145,16,0.0625
random_features,2,5,12345,1024,6,0.744384765625,0.7307561362158684,2.788188934326172,16,0.0625
random_features,2,5,12345,1024,7,0.7410888671875,0.7304513190463301,2.817476987838745,16,0.0625
random_features,2,5,12345,1024,8,0.7442626953125,0.7368997207667488,2.757704973220825,16,0.0625
random_features,2,5,12345,8192,0,0.2008056640625,0.155619881301332,2.27532958984375,16,0.0625
random_features,2,5,12345,8192,1,0.98681640625,0.9806498688787779,0.1433248221874237,16,0.0625
random_features,2,5,12345,8192,2,0.99951171875,0.9991749174917491,0.03818952292203903,16,0.0625
random_features,2,5,12345,8192,3,0.99951171875,0.9991749174917491,0.02243041805922985,16,0.0625
random_features,2,5,12345,8192,4,0.99853515625,0.9975509924303241,0.022256016731262207,16,0.0625
random_features,2,5,12345,8192,5,1.0,1.0,0.015845945104956627,16,0.0625
random_features,2,5,12345,8192,6,0.9996337890625,0.9994318181818183,0.015913469716906548,16,0.0625
random_features,2,5,12345,8192,7,0.9991455078125,0.9986067356735674,0.01753729023039341,16,0.0625
random_features,2,5,12345,8192,8,0.9991455078125,0.9986067356735674,0.019758984446525574,16,0.0625
random_features,2,5,12346,1024,0,0.1402587890625,0.13991898114669993,2.4668593406677246,16,0.0625
random_features,2,5,12346,1024,1,0.712890625,0.7053971527268618,2.5675339698791504,16,0.0625
random_features,2,5,12346,1024,2,0.7374267578125,0.7296979029583195,2.625242233276367,16,0.0625
random_features,2,5,12346,1024,3,0.73583984375,0.7241253832618253,2.6812849044799805,16,0.0625
random_features,2,5,12346,1024,4,0.7464599609375,0.7336374650625821,2.636720657348633,16,0.0625
random_features,2,5,12346,1024,5,0.746826171875,0.7320940303277128,2.8158345222473145,16,0.0625
random_features,2,5,12346,1024,6,0.744384765625,0.7307561362158684,2.788188934326172,16,0.0625
random_features,2,5,12346,1024,7,0.7410888671875,0.7304513190463301,2.817476987838745,16,0.0625
random_features,2,5,12346,1024,8,0.7442626953125,0.7368997207667488,2.757704973220825,16,0.0625
random_features,2,5,12346,8192,0,0.2008056640625,0.155619881301332,2.27532958984375,16,0.0625
random_features,2,5,12346,8192,1,0.98681640625,0.9806498688787779,0.1433248221874237,16,0.0625
random_features,2,5,12346,8192,2,0.99951171875,0.9991749174917491,0.03818952292203903,16,0.0625
random_features,2,5,12346,8192,3,0.99951171875,0.9991749174917491,0.02243041805922985,16,0.0625
random_features,2,5,12346,8192,4,0.99853515625,0.9975509924303241,0.022256016731262207,16,0.0625
random_features,2,5,12346,8192,5,1.0,1.0,0.015845945104956627,16,0.0625
random_features,2,5,12346,8192,6,0.9996337890625,0.9994318181818183,0.015913469716906548,16,0.0625
random_features,2,5,12346,8192,7,0.9991455078125,0.9986067356735674,0.01753729023039341,16,0.0625
random_features,2,5,12346,8192,8,0.9991455078125,0.9986067356735674,0.019758984446525574,16,0.0625
random_features,3,5,12345,1024,0,0.127197265625,0.10384700199363747,3.0563182830810547,16,0.0625
random_features,3,5,12345,1024,1,0.1414794921875,0.1373619633366296,7.429500102996826,16,0.0625
random_features,3,5,12345,1024,2,0.15087890625,0.14920120849637597,10.077138900756836,16,0.0625
random_features,3,5,12345,1024,3,0.14501953125,0.1407832507311969,11.035345077514648,16,0.0625
random_features,3,5,12345,1024,4,0.1461181640625,0.14134523306723829,11.162351608276367,16,0.0625
random_features,3,5,12345,1024,5,0.1466064453125,0.1405625718678029,11.383845329284668,16,0.0625
random_features,3,5,12345,1024,6,0.1463623046875,0.14399033711297107,11.629685401916504,16,0.0625
random_features,3,5,12345,1024,7,0.1505126953125,0.14325674268176866,11.745528221130371,16,0.0625
random_features,3,5,12345,1024,8,0.1558837890625,0.15126582817965656,11.732172012329102,16,0.0625
random_features,3,5,12345,8192,0,0.15478515625,0.09893253353760131,2.5710480213165283,16,0.0625
random_features,3,5,12345,8192,1,0.25341796875,0.2030498225305557,2.378750801086426,16,0.0625
random_features,3,5,12345,8192,2,0.280029296875,0.2303424853650598,2.3426575660705566,16,0.0625
random_features,3,5,12345,8192,3,0.2738037109375,0.2248143334113806,2.351560592651367,16,0.0625
random_features,3,5,12345,8192,4,0.2762451171875,0.22990086900007095,2.346663236618042,16,0.0625
random_features,3,5,12345,8192,5,0.27978515625,0.23346323399540606,2.3445777893066406,16,0.0625
random_features,3,5,12345,8192,6,0.2840576171875,0.23418740601256083,2.3502345085144043,16,0.0625
random_features,3,5,12345,8192,7,0.2818603515625,0.23518635424332668,2.351304054260254,16,0.0625
random_features,3,5,12345,8192,8,0.279052734375,0.2339617091213196,2.354667901992798,16,0.0625
random_features,3,5,12346,1024,0,0.127197265625,0.10384700199363747,3.0563182830810547,16,0.0625
random_features,3,5,12346,1024,1,0.1414794921875,0.1373619633366296,7.429500102996826,16,0.0625
random_features,3,5,12346,1024,2,0.15087890625,0.14920120849637597,10.077138900756836,16,0.0625
random_features,3,5,12346,1024,3,0.14501953125,0.1407832507311969,11.035345077514648,16,0.0625
random_features,3,5,12346,1024,4,0.1461181640625,0.14134523306723829,11.162351608276367,16,0.0625
random_features,3,5,12346,1024,5,0.1466064453125,0.1405625718678029,11.383845329284668,16,0.0625
random_features,3,5,12346,1024,6,0.1463623046875,0.14399033711297107,11.629685401916504,16,0.0625
random_features,3,5,12346,1024,7,0.1505126953125,0.14325674268176866,11.745528221130371,16,0.0625
random_features,3,5,12346,1024,8,0.1558837890625,0.15126582817965656,11.732172012329102,16,0.0625
random_features,3,5,12346,8192,0,0.15478515625,0.09893253353760131,2.5710480213165283,16,0.0625
random_features,3,5,12346,8192,1,0.25341796875,0.2030498225305557,2.378750801086426,16,0.0625
random_features,3,5,12346,8192,2,0.280029296875,0.2303424853650598,2.3426575660705566,16,0.0625
random_features,3,5,12346,8192,3,0.2738037109375,0.2248143334113806,2.351560592651367,16,0.0625
random_features,3,5,12346,8192,4,0.2762451171875,0.22990086900007095,2.346663236618042,16,0.0625
random_features,3,5,12346,8192,5,0.27978515625,0.23346323399540606,2.3445777893066406,16,0.0625
random_features,3,5,12346,8192,6,0.2840576171875,0.23418740601256083,2.3502345085144043,16,0.0625
random_features,3,5,12346,8192,7,0.2818603515625,0.23518635424332668,2.351304054260254,16,0.0625
random_features,3,5,12346,8192,8,0.279052734375,0.2339617091213196,2.354667901992798,16,0.0625
random_features,2,6,12345,1024,0,0.1400146484375,0.149001665207876,2.4650161266326904,16,0.0625
random_features,2,6,12345,1024,1,0.720947265625,0.712006817941264,2.4369266033172607,16,0.0625
random_features,2,6,12345,1024,2,0.75390625,0.7434557379821698,2.470921516418457,16,0.0625
random_features,2,6,12345,1024,3,0.75732421875,0.7462824812759292,2.3656110763549805,16,0.0625
random_features,2,6,12345,1024,4,0.7642822265625,0.7560644465774493,2.12654972076416,16,0.0625
random_features,2,6,12345,1024,5,0.7745361328125,0.7630167633879894,2.3256406784057617,16,0.0625
random_features,2,6,12345,1024,6,0.767333984375,0.758440519044348,2.341700315475464,16,0.0625
random_features,2,6,12345,1024,7,0.7681884765625,0.7609720164812026,2.338676929473877,16,0.0625
random_features,2,6,12345,1024,8,0.7581787109375,0.7471446966679979,2.491590976715088,16,0.0625
random_features,2,6,12345,8192,0,0.1962890625,0.1564898336268804,2.275759220123291,16,0.0625
random_features,2,6,12345,8192,1,0.985107421875,0.9791045477929576,0.15513578057289124,16,0.0625
random_features,2,6,12345,8192,2,0.9976806640625,0.9962252348545666,0.04539906606078148,16,0.0625
random_features,2,6,12345,8192,3,0.99951171875,0.9991749174917491,0.02856070175766945,16,0.0625
random_features,2,6,12345,8192,4,0.9991455078125,0.9986067356735674,0.023658988997340202,16,0.0625
random_features,2,6,12345,8192,5,0.9991455078125,0.9986067356735674,0.021202215924859047,16,0.0625
random_features,2,6,12345,8192,6,0.99853515625,0.9975509924303241,0.018423959612846375,16,0.0625
random_features,2,6,12345,8192,7,0.99853515625,0.9975509924303241,0.025286518037319183,16,0.0625
random_features,2,6,12345,8192,8,0.9991455078125,0.9986067356735674,0.017773274332284927,16,0.0625
random_features,2,6,12346,1024,0,0.1400146484375,0.149001665207876,2.4650161266326904,16,0.0625
random_features,2,6,12346,1024,1,0.720947265625,0.712006817941264,2.4369266033172607,16,0.0625
random_features,2,6,12346,1024,2,0.75390625,0.7434557379821698,2.470921516418457,16,0.0625
random_features,2,6,12346,1024,3,0.75732421875,0.7462824812759292,2.3656110763549805,16,0.0625
random_features,2,6,12346,1024,4,0.7642822265625,0.7560644465774493,2.12654972076416,16,0.0625
random_features,2,6,12346,1024,5,0.7745361328125,0.7630167633879894,2.3256406784057617,16,0.0625
random_features,2,6,12346,1024,6,0.767333984375,0.758440519044348,2.341700315475464,16,0.0625
random_features,2,6,12346,1024,7,0.7681884765625,0.7609720164812026,2.338676929473877,16,0.0625
random_features,2,6,12346,1024,8,0.7581787109375,0.7471446966679979,2.491590976715088,16,0.0625
random_features,2,6,12346,8192,0,0.1962890625,0.1564898336268804,2.275759220123291,16,0.0625
random_features,2,6,12346,8192,1,0.985107421875,0.9791045477929576,0.15513578057289124,16,0.0625
random_features,2,6,12346,8192,2,0.9976806640625,0.9962252348545666,0.04539906606078148,16,0.0625
random_features,2,6,12346,8192,3,0.99951171875,0.9991749174917491,0.02856070175766945,16,0.0625
random_features,2,6,12346,8192,4,0.9991455078125,0.9986067356735674,0.023658988997340202,16,0.0625
random_features,2,6,12346,8192,5,0.9991455078125,0.9986067356735674,0.021202215924859047,16,0.0625
random_features,2,6,12346,8192,6,0.99853515625,0.9975509924303241,0.018423959612846375,16,0.0625
random_features,2,6,12346,8192,7,0.99853515625,0.9975509924303241,0.025286518037319183,16,0.0625
random_features,2,6,12346,8192,8,0.9991455078125,0.9986067356735674,0.017773274332284927,16,0.0625
random_features,3,6,12345,1024,0,0.1234130859375,0.10070596709669184,3.055929183959961,16,0.0625
random_features,3,6,12345,1024,1,0.141845703125,0.1450206540462535,6.893535614013672,16,0.0625
random_features,3,6,12345,1024,2,0.14794921875,0.14292071010407548,9.369861602783203,16,0.0625
random_features,3,6,12345,1024,3,0.1473388671875,0.14580320367247537,10.386281967163086,16,0.0625
random_features,3,6,12345,1024,4,0.1475830078125,0.14436287137136344,10.723489761352539,16,0.0625
random_features,3,6,12345,1024,5,0.14501953125,0.14237122767890908,11.700445175170898,16,0.0625
random_features,3,6,12345,1024,6,0.1483154296875,0.14292460180629118,11.83725643157959,16,0.0625
random_features,3,6,12345,1024,7,0.14794921875,0.14008705490774478,11.9635648727417,16,0.0625
random_features,3,6,12345,1024,8,0.1533203125,0.14581285509359992,11.982331275939941,16,0.0625
random_features,3,6,12345,8192,0,0.1519775390625,0.09626015029836864,2.5712661743164062,16,0.0625
random_features,3,6,12345,8192,1,0.2572021484375,0.20402038052505683,2.367997169494629,16,0.0625
random_features,3,6,12345,8192,2,0.29248046875,0.2413600247292571,2.3118956089019775,16,0.0625
random_features,3,6,12345,8192,3,0.2828369140625,0.2327046645784035,2.317814350128174,16,0.0625
random_features,3,6,12345,8192,4,0.28271484375,0.23549810454324988,2.3326504230499268,16,0.0625
random_features,3,6,12345,8192,5,0.27783203125,0.23208580606146983,2.3384900093078613,16,0.0625
random_features,3,6,12345,8192,6,0.28466796875,0.23583777030818795,2.3173341751098633,16,0.0625
random_features,3,6,12345,8192,7,0.2840576171875,0.23763120003361585,2.321434497833252,16,0.0625
random_features,3,6,12345,8192,8,0.2857666015625,0.238558588671905,2.315964460372925,16,0.0625
random_features,3,6,12346,1024,0,0.1234130859375,0.10070596709669184,3.055929183959961,16,0.0625
random_features,3,6,12346,1024,1,0.141845703125,0.1450206540462535,6.893535614013672,16,0.0625
random_features,3,6,12346,1024,2,0.14794921875,0.14292071010407548,9.369861602783203,16,0.0625
random_features,3,6,12346,1024,3,0.1473388671875,0.14580320367247537,10.386281967163086,16,0.0625
random_features,3,6,12346,1024,4,0.1475830078125,0.14436287137136344,10.723489761352539,16,0.0625
random_features,3,6,12346,1024,5,0.14501953125,0.14237122767890908,11.700445175170898,16,0.0625
random_features,3,6,12346,1024,6,0.1483154296875,0.14292460180629118,11.83725643157959,16,0.0625
random_features,3,6,12346,1024,7,0.14794921875,0.14008705490774478,11.9635648727417,16,0.0625
random_features,3,6,12346,1024,8,0.1533203125,0.14581285509359992,11.982331275939941,16,0.0625
random_features,3,6,12346,8192,0,0.1519775390625,0.09626015029836864,2.5712661743164062,16,0.0625
random_features,3,6,12346,8192,1,0.2572021484375,0.20402038052505683,2.367997169494629,16,0.0625
random_features,3,6,12346,8192,2,0.29248046875,0.2413600247292571,2.3118956089019775,16,0.0625
random_features,3,6,12346,8192,3,0.2828369140625,0.2327046645784035,2.317814350128174,16,0.0625
random_features,3,6,12346,8192,4,0.28271484375,0.23549810454324988,2.3326504230499268,16,0.0625
random_features,3,6,12346,8192,5,0.27783203125,0.23208580606146983,2.3384900093078613,16,0.0625
random_features,3,6,12346,8192,6,0.28466796875,0.23583777030818795,2.3173341751098633,16,0.0625
random_features,3,6,12346,8192,7,0.2840576171875,0.23763120003361585,2.321434497833252,16,0.0625
random_features,3,6,12346,8192,8,0.2857666015625,0.238558588671905,2.315964460372925,16,0.0625
random_features,2,7,12345,1024,0,0.1365966796875,0.14778809892684186,2.467048168182373,16,0.0625
random_features,2,7,12345,1024,1,0.7254638671875,0.7172887718630874,2.1973180770874023,16,0.0625
random_features,2,7,12345,1024,2,0.7598876953125,0.7507545986403585,2.093531847000122,16,0.0625
random_features,2,7,12345,1024,3,0.7576904296875,0.7484812106750669,2.095531940460205,16,0.0625
random_features,2,7,12345,1024,4,0.7626953125,0.752872252651464,2.053152322769165,16,0.0625
random_features,2,7,12345,1024,5,0.758056640625,0.7516612840976171,2.230264186859131,16,0.0625
random_features,2,7,12345,1024,6,0.75341796875,0.7483535669983455,2.3751649856567383,16,0.0625
random_features,2,7,12345,1024,7,0.7601318359375,0.7498564043927595,2.5333547592163086,16,0.0625
random_features,2,7,12345,1024,8,0.762939453125,0.7547544588493609,2.4159884452819824,16,0.0625
random_features,2,7,12345,8192,0,0.1962890625,0.1564898336268804,2.275651454925537,16,0.0625
random_features,2,7,12345,8192,1,0.9847412109375,0.9778744247795805,0.14886139333248138,16,0.0625
random_features,2,7,12345,8192,2,0.9996337890625,0.9994318181818183,0.032641105353832245,16,0.0625
random_features,2,7,12345,8192,3,0.9996337890625,0.9994318181818183,0.022409550845623016,16,0.0625
random_features,2,7,12345,8192,4,1.0,1.0,0.017385894432663918,16,0.0625
random_features,2,7,12345,8192,5,1.0,1.0,0.013481885194778442,16,0.0625
random_features,2,7,12345,8192,6,0.9996337890625,0.9994318181818183,0.013175450265407562,16,0.0625
random_features,2,7,12345,8192,7,0.99951171875,0.9991749174917491,0.013424023985862732,16,0.0625
random_features,2,7,12345,8192,8,0.99951171875,0.9991749174917491,0.01462970394641161,16,0.0625
random_features,2,7,12346,1024,0,0.1365966796875,0.14778809892684186,2.467048168182373,16,0.0625
random_features,2,7,12346,1024,1,0.7254638671875,0.7172887718630874,2.1973180770874023,16,0.0625
random_features,2,7,12346,1024,2,0.7598876953125,0.7507545986403585,2.093531847000122,16,0.0625
random_features,2,7,12346,1024,3,0.7576904296875,0.7484812106750669,2.095531940460205,16,0.0625
random_features,2,7,12346,1024,4,0.7626953125,0.752872252651464,2.053152322769165,16,0.0625
random_features,2,7,12346,1024,5,0.758056640625,0.7516612840976171,2.230264186859131,16,0.0625
random_features,2,7,12346,1024,6,0.75341796875,0.7483535669983455,2.3751649856567383,16,0.0625
random_features,2,7,12346,1024,7,0.7601318359375,0.7498564043927595,2.5333547592163086,16,0.0625
random_features,2,7,12346,1024,8,0.762939453125,0.7547544588493609,2.4159884452819824,16,0.0625
random_features,2,7,12346,8192,0,0.1962890625,0.1564898336268804,2.275651454925537,16,0.0625
random_features,2,7,12346,8192,1,0.9847412109375,0.9778744247795805,0.14886139333248138,16,0.0625
random_features,2,7,12346,8192,2,0.9996337890625,0.9994318181818183,0.032641105353832245,16,0.0625
random_features,2,7,12346,8192,3,0.9996337890625,0.9994318181818183,0.022409550845623016,16,0.0625
random_features,2,7,12346,8192,4,1.0,1.0,0.017385894432663918,16,0.0625
random_features,2,7,12346,8192,5,1.0,1.0,0.013481885194778442,16,0.0625
random_features,2,7,12346,8192,6,0.9996337890625,0.9994318181818183,0.013175450265407562,16,0.0625
random_features,2,7,12346,8192,7,0.99951171875,0.9991749174917491,0.013424023985862732,16,0.0625
random_features,2,7,12346,8192,8,0.99951171875,0.9991749174917491,0.01462970394641161,16,0.0625
random_features,3,7,12345,1024,0,0.126708984375,0.10239804695627938,3.0568201541900635,16,0.0625
random_features,3,7,12345,1024,1,0.1358642578125,0.13190723722176823,7.038628578186035,16,0.0625
random_features,3,7,12345,1024,2,0.1529541015625,0.14772544335786877,9.753865242004395,16,0.0625
random_features,3,7,12345,1024,3,0.1514892578125,0.14766768772825373,10.828815460205078,16,0.0625
random_features,3,7,12345,1024,4,0.153564453125,0.1497556742996244,11.229381561279297,16,0.0625
random_features,3,7,12345,1024,5,0.157470703125,0.1539232886043452,11.765117645263672,16,0.0625
random_features,3,7,12345,1024,6,0.1529541015625,0.14875121886564519,11.438879013061523,16,0.0625
random_features,3,7,12345,1024,7,0.1507568359375,0.14687487477310307,11.859769821166992,16,0.0625
random_features,3,7,12345,1024,8,0.1505126953125,0.1462855911933183,11.890422821044922,16,0.0625
random_features,3,7,12345,8192,0,0.15576171875,0.0974666696446638,2.5718228816986084,16,0.0625
random_features,3,7,12345,8192,1,0.2550048828125,0.20171734318219164,2.364821672439575,16,0.0625
random_features,3,7,12345,8192,2,0.2889404296875,0.23528758444577028,2.3335301876068115,16,0.0625
random_features,3,7,12345,8192,3,0.28515625,0.23678584465066155,2.342574119567871,16,0.0625
random_features,3,7,12345,8192,4,0.2822265625,0.23731950620872927,2.3278632164001465,16,0.0625
random_features,3,7,12345,8192,5,0.273681640625,0.22880072453485187,2.3421685695648193,16,0.0625
random_features,3,7,12345,8192,6,0.283203125,0.23495665174857303,2.337693214416504,16,0.0625
random_features,3,7,12345,8192,7,0.284423828125,0.23651436024550104,2.333314895629883,16,0.0625
random_features,3,7,12345,8192,8,0.2852783203125,0.23470132480077316,2.329235315322876,16,0.0625
random_features,3,7,12346,1024,0,0.126708984375,0.10239804695627938,3.0568201541900635,16,0.0625
random_features,3,7,12346,1024,1,0.1358642578125,0.13190723722176823,7.038628578186035,16,0.0625
random_features,3,7,12346,1024,2,0.1529541015625,0.14772544335786877,9.753865242004395,16,0.0625
random_features,3,7,12346,1024,3,0.1514892578125,0.14766768772825373,10.828815460205078,16,0.0625
random_features,3,7,12346,1024,4,0.153564453125,0.1497556742996244,11.229381561279297,16,0.0625
random_features,3,7,12346,1024,5,0.157470703125,0.1539232886043452,11.765117645263672,16,0.0625
random_features,3,7,12346,1024,6,0.1529541015625,0.14875121886564519,11.438879013061523,16,0.0625
random_features,3,7,12346,1024,7,0.1507568359375,0.14687487477310307,11.859769821166992,16,0.0625
random_features,3,7,12346,1024,8,0.1505126953125,0.1462855911933183,11.890422821044922,16,0.0625
random_features,3,7,12346,8192,0,0.15576171875,0.0974666696446638,2.5718228816986084,16,0.0625
random_features,3,7,12346,8192,1,0.2550048828125,0.20171734318219164,2.364821672439575,16,0.0625
random_features,3,7,12346,8192,2,0.2889404296875,0.23528758444577028,2.3335301876068115,16,0.0625
random_features,3,7,12346,8192,3,0.28515625,0.23678584465066155,2.342574119567871,16,0.0625
random_features,3,7,12346,8192,4,0.2822265625,0.23731950620872927,2.3278632164001465,16,0.0625
random_features,3,7,12346,8192,5,0.273681640625,0.22880072453485187,2.3421685695648193,16,0.0625
random_features,3,7,12346,8192,6,0.283203125,0.23495665174857303,2.337693214416504,16,0.0625
random_features,3,7,12346,8192,7,0.284423828125,0.23651436024550104,2.333314895629883,16,0.0625
random_features,3,7,12346,8192,8,0.2852783203125,0.23470132480077316,2.329235315322876,16,0.0625
random_features,2,8,12345,1024,0,0.130615234375,0.14474485841281437,2.467217206954956,16,0.0625
random_features,2,8,12345,1024,1,0.7193603515625,0.7117614211376165,2.219914674758911,16,0.0625
random_features,2,8,12345,1024,2,0.7587890625,0.7531450204278294,1.9600820541381836,16,0.0625
random_features,2,8,12345,1024,3,0.746826171875,0.7361205810609086,2.412001132965088,16,0.0625
random_features,2,8,12345,1024,4,0.750732421875,0.7401365895079406,2.364372730255127,16,0.0625
random_features,2,8,12345,1024,5,0.7529296875,0.7406049275204771,2.3752527236938477,16,0.0625
random_features,2,8,12345,1024,6,0.7530517578125,0.7412470032982508,2.3469603061676025,16,0.0625
random_features,2,8,12345,1024,7,0.759521484375,0.7461599335656584,2.2452826499938965,16,0.0625
random_features,2,8,12345,1024,8,0.7532958984375,0.7415101910983584,2.3545913696289062,16,0.0625
random_features,2,8,12345,8192,0,0.2008056640625,0.155619881301332,2.275571584701538,16,0.0625
random_features,2,8,12345,8192,1,0.9840087890625,0.9763688322395493,0.14453992247581482,16,0.0625
random_features,2,8,12345,8192,2,0.9986572265625,0.9978491599159915,0.04217741638422012,16,0.0625
random_features,2,8,12345,8192,3,1.0,1.0,0.022971617057919502,16,0.0625
random_features,2,8,12345,8192,4,0.9996337890625,0.9994318181818183,0.02038521133363247,16,0.0625
random_features,2,8,12345,8192,5,0.9996337890625,0.9994318181818183,0.016594484448432922,16,0.0625
random_features,2,8,12345,8192,6,0.99951171875,0.9991749174917491,0.015848126262426376,16,0.0625
random_features,2,8,12345,8192,7,0.9991455078125,0.9986067356735674,0.021457510069012642,16,0.0625
random_features,2,8,12345,8192,8,0.9991455078125,0.9986067356735674,0.0200211089104414,16,0.0625
random_features,2,8,12346,1024,0,0.130615234375,0.14474485841281437,2.467217206954956,16,0.0625
random_features,2,8,12346,1024,1,0.7193603515625,0.7117614211376165,2.219914674758911,16,0.0625
random_features,2,8,12346,1024,2,0.7587890625,0.7531450204278294,1.9600820541381836,16,0.0625
random_features,2,8,12346,1024,3,0.746826171875,0.7361205810609086,2.412001132965088,16,0.0625
random_features,2,8,12346,1024,4,0.750732421875,0.7401365895079406,2.364372730255127,16,0.0625
random_features,2,8,12346,1024,5,0.7529296875,0.7406049275204771,2.3752527236938477,16,0.0625
random_features,2,8,12346,1024,6,0.7530517578125,0.7412470032982508,2.3469603061676025,16,0.0625
random_features,2,8,12346,1024,7,0.759521484375,0.7461599335656584,2.2452826499938965,16,0.0625
random_features,2,8,12346,1024,8,0.7532958984375,0.7415101910983584,2.3545913696289062,16,0.0625
random_features,2,8,12346,8192,0,0.2008056640625,0.155619881301332,2.275571584701538,16,0.0625
random_features,2,8,12346,8192,1,0.9840087890625,0.9763688322395493,0.14453992247581482,16,0.0625
random_features,2,8,12346,8192,2,0.9986572265625,0.9978491599159915,0.04217741638422012,16,0.0625
random_features,2,8,12346,8192,3,1.0,1.0,0.022971617057919502,16,0.0625
random_features,2,8,12346,8192,4,0.9996337890625,0.9994318181818183,0.02038521133363247,16,0.0625
random_features,2,8,12346,8192,5,0.9996337890625,0.9994318181818183,0.016594484448432922,16,0.0625
random_features,2,8,12346,8192,6,0.99951171875,0.9991749174917491,0.015848126262426376,16,0.0625
random_features,2,8,12346,8192,7,0.9991455078125,0.9986067356735674,0.021457510069012642,16,0.0625
random_features,2,8,12346,8192,8,0.9991455078125,0.9986067356735674,0.0200211089104414,16,0.0625
random_features,3,8,12345,1024,0,0.12548828125,0.09868428853347375,3.0575144290924072,16,0.0625
random_features,3,8,12345,1024,1,0.1416015625,0.14170273915512704,6.839966297149658,16,0.0625
random_features,3,8,12345,1024,2,0.1519775390625,0.15103011910410957,9.572619438171387,16,0.0625
random_features,3,8,12345,1024,3,0.1446533203125,0.14401788647637254,10.621892929077148,16,0.0625
random_features,3,8,12345,1024,4,0.13818359375,0.13420547056704413,11.148698806762695,16,0.0625
random_features,3,8,12345,1024,5,0.1444091796875,0.1410571719776623,11.306341171264648,16,0.0625
random_features,3,8,12345,1024,6,0.145263671875,0.13959530816033094,11.489697456359863,16,0.0625
random_features,3,8,12345,1024,7,0.1446533203125,0.1407565301617564,11.948101043701172,16,0.0625
random_features,3,8,12345,1024,8,0.147216796875,0.14171580730110567,12.150655746459961,16,0.0625
random_features,3,8,12345,8192,0,0.1522216796875,0.0990240413624229,2.5706539154052734,16,0.0625
random_features,3,8,12345,8192,1,0.262939453125,0.21220524014786452,2.3496787548065186,16,0.0625
random_features,3,8,12345,8192,2,0.27490234375,0.2307539978212434,2.338772773742676,16,0.0625
random_features,3,8,12345,8192,3,0.2801513671875,0.23710680207359885,2.3387789726257324,16,0.0625
random_features,3,8,12345,8192,4,0.2786865234375,0.22886998017222843,2.3360462188720703,16,0.0625
random_features,3,8,12345,8192,5,0.2843017578125,0.24071985197799856,2.3428642749786377,16,0.0625
random_features,3,8,12345,8192,6,0.2869873046875,0.23911108003140763,2.327084541320801,16,0.0625
random_features,3,8,12345,8192,7,0.2857666015625,0.23562791048405232,2.3168795108795166,16,0.0625
random_features,3,8,12345,8192,8,0.2840576171875,0.2384752593384744,2.335226058959961,16,0.0625
random_features,3,8,12346,1024,0,0.12548828125,0.09868428853347375,3.0575144290924072,16,0.0625
random_features,3,8,12346,1024,1,0.1416015625,0.14170273915512704,6.839966297149658,16,0.0625
random_features,3,8,12346,1024,2,0.1519775390625,0.15103011910410957,9.572619438171387,16,0.0625
random_features,3,8,12346,1024,3,0.1446533203125,0.14401788647637254,10.621892929077148,16,0.0625
random_features,3,8,12346,1024,4,0.13818359375,0.13420547056704413,11.148698806762695,16,0.0625
random_features,3,8,12346,1024,5,0.1444091796875,0.1410571719776623,11.306341171264648,16,0.0625
random_features,3,8,12346,1024,6,0.145263671875,0.13959530816033094,11.489697456359863,16,0.0625
random_features,3,8,12346,1024,7,0.1446533203125,0.1407565301617564,11.948101043701172,16,0.0625
random_features,3,8,12346,1024,8,0.147216796875,0.14171580730110567,12.150655746459961,16,0.0625
random_features,3,8,12346,8192,0,0.1522216796875,0.0990240413624229,2.5706539154052734,16,0.0625
random_features,3,8,12346,8192,1,0.262939453125,0.21220524014786452,2.3496787548065186,16,0.0625
random_features,3,8,12346,8192,2,0.27490234375,0.2307539978212434,2.338772773742676,16,0.0625
random_features,3,8,12346,8192,3,0.2801513671875,0.23710680207359885,2.3387789726257324,16,0.0625
random_features,3,8,12346,8192,4,0.2786865234375,0.22886998017222843,2.3360462188720703,16,0.0625
random_features,3,8,12346,8192,5,0.2843017578125,0.24071985197799856,2.3428642749786377,16,0.0625
random_features,3,8,12346,8192,6,0.2869873046875,0.23911108003140763,2.327084541320801,16,0.0625
random_features,3,8,12346,8192,7,0.2857666015625,0.23562791048405232,2.3168795108795166,16,0.0625
random_features,3,8,12346,8192,8,0.2840576171875,0.2384752593384744,2.335226058959961,16,0.0625
random_features,2,9,12345,1024,0,0.14208984375,0.1357305024260373,2.4652109146118164,16,0.0625
random_features,2,9,12345,1024,1,0.718505859375,0.7110728579236041,2.1081666946411133,16,0.0625
random_features,2,9,12345,1024,2,0.74072265625,0.7320715302666584,2.2422099113464355,16,0.0625
random_features,2,9,12345,1024,3,0.75244140625,0.7423351932491022,2.1848154067993164,16,0.0625
random_features,2,9,12345,1024,4,0.736328125,0.7274567255772588,2.2945780754089355,16,0.0625
random_features,2,9,12345,1024,5,0.7374267578125,0.7292591083033125,2.508657217025757,16,0.0625
random_features,2,9,12345,1024,6,0.7454833984375,0.7357024426979808,2.5134406089782715,16,0.0625
random_features,2,9,12345,1024,7,0.7314453125,0.7262397879103494,2.650524616241455,16,0.0625
random_features,2,9,12345,1024,8,0.7276611328125,0.7210062091662472,2.743551731109619,16,0.0625
random_features,2,9,12345,8192,0,0.196533203125,0.1540171426501056,2.2765231132507324,16,0.0625
random_features,2,9,12345,8192,1,0.9852294921875,0.9798811913946399,0.16958343982696533,16,0.0625
random_features,2,9,12345,8192,2,0.9991455078125,0.9986742424242424,0.039052244275808334,16,0.0625
random_features,2,9,12345,8192,3,0.99951171875,0.9991749174917491,0.028115252032876015,16,0.0625
random_features,2,9,12345,8192,4,1.0,1.0,0.017551107332110405,16,0.0625
random_features,2,9,12345,8192,5,1.0,1.0,0.01367942150682211,16,0.0625
random_features,2,9,12345,8192,6,0.9996337890625,0.9994318181818183,0.013580159284174442,16,0.0625
random_features,2,9,12345,8192,7,0.9990234375,0.9983760749385749,0.014284398406744003,16,0.0625
random_features,2,9,12345,8192,8,0.9990234375,0.9983760749385749,0.01627117022871971,16,0.0625
random_features,2,9,12346,1024,0,0.14208984375,0.1357305024260373,2.4652109146118164,16,0.0625
random_features,2,9,12346,1024,1,0.718505859375,0.7110728579236041,2.1081666946411133,16,0.0625
random_features,2,9,12346,1024,2,0.74072265625,0.7320715302666584,2.2422099113464355,16,0.0625
random_features,2,9,12346,1024,3,0.75244140625,0.7423351932491022,2.1848154067993164,16,0.0625
random_features,2,9,12346,1024,4,0.736328125,0.7274567255772588,2.2945780754089355,16,0.0625
random_features,2,9,12346,1024,5,0.7374267578125,0.7292591083033125,2.508657217025757,16,0.0625
random_features,2,9,12346,1024,6,0.7454833984375,0.7357024426979808,2.5134406089782715,16,0.0625
random_features,2,9,12346,1024,7,0.7314453125,0.7262397879103494,2.650524616241455,16,0.0625
random_features,2,9,12346,1024,8,0.7276611328125,0.7210062091662472,2.743551731109619,16,0.0625
random_features,2,9,12346,8192,0,0.196533203125,0.1540171426501056,2.2765231132507324,16,0.0625
random_features,2,9,12346,8192,1,0.9852294921875,0.9798811913946399,0.16958343982696533,16,0.0625
random_features,2,9,12346,8192,2,0.9991455078125,0.9986742424242424,0.039052244275808334,16,0.0625
random_features,2,9,12346,8192,3,0.99951171875,0.9991749174917491,0.028115252032876015,16,0.0625
random_features,2,9,12346,8192,4,1.0,1.0,0.017551107332110405,16,0.0625
random_features,2,9,12346,8192,5,1.0,1.0,0.01367942150682211,16,0.0625
random_features,2,9,12346,8192,6,0.9996337890625,0.9994318181818183,0.013580159284174442,16,0.0625
random_features,2,9,12346,8192,7,0.9990234375,0.9983760749385749,0.014284398406744003,16,0.0625
random_features,2,9,12346,8192,8,0.9990234375,0.9983760749385749,0.01627117022871971,16,0.0625
random_features,3,9,12345,1024,0,0.127197265625,0.10384700199363747,3.055929183959961,16,0.0625
random_features,3,9,12345,1024,1,0.1370849609375,0.1324782646916418,7.488739967346191,16,0.0625
random_features,3,9,12345,1024,2,0.14794921875,0.14458160469211026,10.048095703125,16,0.0625
random_features,3,9,12345,1024,3,0.14892578125,0.1451524660469201,10.288747787475586,16,0.0625
random_features,3,9,12345,1024,4,0.1461181640625,0.13999546106655103,11.158548355102539,16,0.0625
random_features,3,9,12345,1024,5,0.1497802734375,0.14430450797385294,11.182167053222656,16,0.0625
random_features,3,9,12345,1024,6,0.1492919921875,0.14473814877643762,11.58534049987793,16,0.0625
random_features,3,9,12345,1024,7,0.1488037109375,0.14597721930218557,11.985382080078125,16,0.0625
random_features,3,9,12345,1024,8,0.15185546875,0.14837142447889723,12.366469383239746,16,0.0625
random_features,3,9,12345,8192,0,0.15576171875,0.0974666696446638,2.570664882659912,16,0.0625
random_features,3,9,12345,8192,1,0.2542724609375,0.20172882538839304,2.3816590309143066,16,0.0625
random_features,3,9,12345,8192,2,0.27734375,0.22471854320993784,2.346574544906616,16,0.0625
random_features,3,9,12345,8192,3,0.28466796875,0.23791377250075185,2.320638656616211,16,0.0625
random_features,3,9,12345,8192,4,0.280517578125,0.22975598531182875,2.3550186157226562,16,0.0625
random_features,3,9,12345,8192,5,0.281005859375,0.23073070712434662,2.3582043647766113,16,0.0625
random_features,3,9,12345,8192,6,0.27978515625,0.23152652556538075,2.3722314834594727,16,0.0625
random_features,3,9,12345,8192,7,0.2861328125,0.23407262352395017,2.3501806259155273,16,0.0625
random_features,3,9,12345,8192,8,0.2772216796875,0.22663538910252887,2.3586833477020264,16,0.0625
random_features,3,9,12346,1024,0,0.127197265625,0.10384700199363747,3.055929183959961,16,0.0625
random_features,3,9,12346,1024,1,0.1370849609375,0.1324782646916418,7.488739967346191,16,0.0625
random_features,3,9,12346,1024,2,0.14794921875,0.14458160469211026,10.048095703125,16,0.0625
random_features,3,9,12346,1024,3,0.14892578125,0.1451524660469201,10.288747787475586,16,0.0625
random_features,3,9,12346,1024,4,0.1461181640625,0.13999546106655103,11.158548355102539,16,0.0625
random_features,3,9,12346,1024,5,0.1497802734375,0.14430450797385294,11.182167053222656,16,0.0625
random_features,3,9,12346,1024,6,0.1492919921875,0.14473814877643762,11.58534049987793,16,0.0625
random_features,3,9,12346,1024,7,0.1488037109375,0.14597721930218557,11.985382080078125,16,0.0625
random_features,3,9,12346,1024,8,0.15185546875,0.14837142447889723,12.366469383239746,16,0.0625
random_features,3,9,12346,8192,0,0.15576171875,0.0974666696446638,2.570664882659912,16,0.0625
random_features,3,9,12346,8192,1,0.2542724609375,0.20172882538839304,2.3816590309143066,16,0.0625
random_features,3,9,12346,8192,2,0.27734375,0.22471854320993784,2.346574544906616,16,0.0625
random_features,3,9,12346,8192,3,0.28466796875,0.23791377250075185,2.320638656616211,16,0.0625
random_features,3,9,12346,8192,4,0.280517578125,0.22975598531182875,2.3550186157226562,16,0.0625
random_features,3,9,12346,8192,5,0.281005859375,0.23073070712434662,2.3582043647766113,16,0.0625
random_features,3,9,12346,8192,6,0.27978515625,0.23152652556538075,2.3722314834594727,16,0.0625
random_features,3,9,12346,8192,7,0.2861328125,0.23407262352395017,2.3501806259155273,16,0.0625
random_features,3,9,12346,8192,8,0.2772216796875,0.22663538910252887,2.3586833477020264,16,0.0625
